ISO-10303-21;
HEADER;
/* Generated by software containing ST-Developer
 * from STEP Tools, Inc. (www.steptools.com) 
 */

FILE_DESCRIPTION(
/* description */ (''),
/* implementation_level */ '2;1');

FILE_NAME(
/* name */ 'Box.stp',
/* time_stamp */ '2026-01-21T17:26:56+01:00',
/* author */ ('miros'),
/* organization */ (''),
/* preprocessor_version */ 'ST-DEVELOPER v20',
/* originating_system */ 'Autodesk Inventor 2025',
/* authorisation */ '');

FILE_SCHEMA (('AUTOMOTIVE_DESIGN { 1 0 10303 214 3 1 1 }'));
ENDSEC;

DATA;
#10=MECHANICAL_DESIGN_GEOMETRIC_PRESENTATION_REPRESENTATION('',(#13),#2593);
#11=SHAPE_REPRESENTATION_RELATIONSHIP('SRR','None',#2600,#12);
#12=ADVANCED_BREP_SHAPE_REPRESENTATION('',(#14),#2592);
#13=STYLED_ITEM('',(#2609),#14);
#14=MANIFOLD_SOLID_BREP('Volumenk\X\F6rper22',#1534);
#15=FACE_BOUND('',#183,.T.);
#16=FACE_BOUND('',#190,.T.);
#17=FACE_BOUND('',#203,.T.);
#18=FACE_BOUND('',#204,.T.);
#19=FACE_BOUND('',#205,.T.);
#20=FACE_BOUND('',#206,.T.);
#21=FACE_BOUND('',#213,.T.);
#22=FACE_BOUND('',#214,.T.);
#23=FACE_BOUND('',#215,.T.);
#24=FACE_BOUND('',#216,.T.);
#25=FACE_BOUND('',#217,.T.);
#26=FACE_BOUND('',#232,.T.);
#27=FACE_BOUND('',#241,.T.);
#28=FACE_BOUND('',#242,.T.);
#29=FACE_BOUND('',#256,.T.);
#30=PLANE('',#1572);
#31=PLANE('',#1575);
#32=PLANE('',#1578);
#33=PLANE('',#1596);
#34=PLANE('',#1601);
#35=PLANE('',#1602);
#36=PLANE('',#1608);
#37=PLANE('',#1615);
#38=PLANE('',#1621);
#39=PLANE('',#1624);
#40=PLANE('',#1627);
#41=PLANE('',#1633);
#42=PLANE('',#1634);
#43=PLANE('',#1639);
#44=PLANE('',#1640);
#45=PLANE('',#1650);
#46=PLANE('',#1651);
#47=PLANE('',#1652);
#48=PLANE('',#1653);
#49=PLANE('',#1658);
#50=PLANE('',#1659);
#51=PLANE('',#1660);
#52=PLANE('',#1661);
#53=PLANE('',#1662);
#54=PLANE('',#1663);
#55=PLANE('',#1664);
#56=PLANE('',#1665);
#57=PLANE('',#1666);
#58=PLANE('',#1669);
#59=PLANE('',#1672);
#60=PLANE('',#1673);
#61=PLANE('',#1675);
#62=PLANE('',#1677);
#63=PLANE('',#1678);
#64=PLANE('',#1683);
#65=PLANE('',#1686);
#66=PLANE('',#1689);
#67=PLANE('',#1692);
#68=PLANE('',#1695);
#69=PLANE('',#1696);
#70=PLANE('',#1697);
#71=PLANE('',#1698);
#72=PLANE('',#1699);
#73=PLANE('',#1700);
#74=PLANE('',#1701);
#75=PLANE('',#1702);
#76=TOROIDAL_SURFACE('',#1560,3.2,0.8);
#77=TOROIDAL_SURFACE('',#1566,3.2,0.8);
#78=TOROIDAL_SURFACE('',#1582,3.2,0.8);
#79=TOROIDAL_SURFACE('',#1588,3.2,0.8);
#80=FACE_OUTER_BOUND('',#162,.T.);
#81=FACE_OUTER_BOUND('',#163,.T.);
#82=FACE_OUTER_BOUND('',#164,.T.);
#83=FACE_OUTER_BOUND('',#165,.T.);
#84=FACE_OUTER_BOUND('',#166,.T.);
#85=FACE_OUTER_BOUND('',#167,.T.);
#86=FACE_OUTER_BOUND('',#168,.T.);
#87=FACE_OUTER_BOUND('',#169,.T.);
#88=FACE_OUTER_BOUND('',#170,.T.);
#89=FACE_OUTER_BOUND('',#171,.T.);
#90=FACE_OUTER_BOUND('',#172,.T.);
#91=FACE_OUTER_BOUND('',#173,.T.);
#92=FACE_OUTER_BOUND('',#174,.T.);
#93=FACE_OUTER_BOUND('',#175,.T.);
#94=FACE_OUTER_BOUND('',#176,.T.);
#95=FACE_OUTER_BOUND('',#177,.T.);
#96=FACE_OUTER_BOUND('',#178,.T.);
#97=FACE_OUTER_BOUND('',#179,.T.);
#98=FACE_OUTER_BOUND('',#180,.T.);
#99=FACE_OUTER_BOUND('',#181,.T.);
#100=FACE_OUTER_BOUND('',#182,.T.);
#101=FACE_OUTER_BOUND('',#184,.T.);
#102=FACE_OUTER_BOUND('',#185,.T.);
#103=FACE_OUTER_BOUND('',#186,.T.);
#104=FACE_OUTER_BOUND('',#187,.T.);
#105=FACE_OUTER_BOUND('',#188,.T.);
#106=FACE_OUTER_BOUND('',#189,.T.);
#107=FACE_OUTER_BOUND('',#191,.T.);
#108=FACE_OUTER_BOUND('',#192,.T.);
#109=FACE_OUTER_BOUND('',#193,.T.);
#110=FACE_OUTER_BOUND('',#194,.T.);
#111=FACE_OUTER_BOUND('',#195,.T.);
#112=FACE_OUTER_BOUND('',#196,.T.);
#113=FACE_OUTER_BOUND('',#197,.T.);
#114=FACE_OUTER_BOUND('',#198,.T.);
#115=FACE_OUTER_BOUND('',#199,.T.);
#116=FACE_OUTER_BOUND('',#200,.T.);
#117=FACE_OUTER_BOUND('',#201,.T.);
#118=FACE_OUTER_BOUND('',#202,.T.);
#119=FACE_OUTER_BOUND('',#207,.T.);
#120=FACE_OUTER_BOUND('',#208,.T.);
#121=FACE_OUTER_BOUND('',#209,.T.);
#122=FACE_OUTER_BOUND('',#210,.T.);
#123=FACE_OUTER_BOUND('',#211,.T.);
#124=FACE_OUTER_BOUND('',#212,.T.);
#125=FACE_OUTER_BOUND('',#218,.T.);
#126=FACE_OUTER_BOUND('',#219,.T.);
#127=FACE_OUTER_BOUND('',#220,.T.);
#128=FACE_OUTER_BOUND('',#221,.T.);
#129=FACE_OUTER_BOUND('',#222,.T.);
#130=FACE_OUTER_BOUND('',#223,.T.);
#131=FACE_OUTER_BOUND('',#224,.T.);
#132=FACE_OUTER_BOUND('',#225,.T.);
#133=FACE_OUTER_BOUND('',#226,.T.);
#134=FACE_OUTER_BOUND('',#227,.T.);
#135=FACE_OUTER_BOUND('',#228,.T.);
#136=FACE_OUTER_BOUND('',#229,.T.);
#137=FACE_OUTER_BOUND('',#230,.T.);
#138=FACE_OUTER_BOUND('',#231,.T.);
#139=FACE_OUTER_BOUND('',#233,.T.);
#140=FACE_OUTER_BOUND('',#234,.T.);
#141=FACE_OUTER_BOUND('',#235,.T.);
#142=FACE_OUTER_BOUND('',#236,.T.);
#143=FACE_OUTER_BOUND('',#237,.T.);
#144=FACE_OUTER_BOUND('',#238,.T.);
#145=FACE_OUTER_BOUND('',#239,.T.);
#146=FACE_OUTER_BOUND('',#240,.T.);
#147=FACE_OUTER_BOUND('',#243,.T.);
#148=FACE_OUTER_BOUND('',#244,.T.);
#149=FACE_OUTER_BOUND('',#245,.T.);
#150=FACE_OUTER_BOUND('',#246,.T.);
#151=FACE_OUTER_BOUND('',#247,.T.);
#152=FACE_OUTER_BOUND('',#248,.T.);
#153=FACE_OUTER_BOUND('',#249,.T.);
#154=FACE_OUTER_BOUND('',#250,.T.);
#155=FACE_OUTER_BOUND('',#251,.T.);
#156=FACE_OUTER_BOUND('',#252,.T.);
#157=FACE_OUTER_BOUND('',#253,.T.);
#158=FACE_OUTER_BOUND('',#254,.T.);
#159=FACE_OUTER_BOUND('',#255,.T.);
#160=FACE_OUTER_BOUND('',#257,.T.);
#161=FACE_OUTER_BOUND('',#258,.T.);
#162=EDGE_LOOP('',(#986,#987,#988,#989));
#163=EDGE_LOOP('',(#990,#991,#992,#993));
#164=EDGE_LOOP('',(#994,#995,#996,#997));
#165=EDGE_LOOP('',(#998,#999,#1000,#1001));
#166=EDGE_LOOP('',(#1002,#1003,#1004,#1005));
#167=EDGE_LOOP('',(#1006,#1007,#1008,#1009,#1010,#1011,#1012,#1013));
#168=EDGE_LOOP('',(#1014,#1015,#1016,#1017));
#169=EDGE_LOOP('',(#1018,#1019,#1020,#1021));
#170=EDGE_LOOP('',(#1022,#1023,#1024,#1025));
#171=EDGE_LOOP('',(#1026,#1027,#1028,#1029,#1030,#1031,#1032,#1033));
#172=EDGE_LOOP('',(#1034,#1035,#1036,#1037));
#173=EDGE_LOOP('',(#1038,#1039,#1040,#1041));
#174=EDGE_LOOP('',(#1042,#1043,#1044,#1045));
#175=EDGE_LOOP('',(#1046,#1047,#1048,#1049));
#176=EDGE_LOOP('',(#1050,#1051,#1052,#1053));
#177=EDGE_LOOP('',(#1054,#1055,#1056,#1057));
#178=EDGE_LOOP('',(#1058,#1059,#1060,#1061));
#179=EDGE_LOOP('',(#1062,#1063,#1064,#1065));
#180=EDGE_LOOP('',(#1066,#1067,#1068,#1069));
#181=EDGE_LOOP('',(#1070,#1071,#1072,#1073));
#182=EDGE_LOOP('',(#1074,#1075,#1076,#1077,#1078,#1079,#1080,#1081));
#183=EDGE_LOOP('',(#1082,#1083,#1084,#1085));
#184=EDGE_LOOP('',(#1086,#1087,#1088,#1089));
#185=EDGE_LOOP('',(#1090,#1091,#1092,#1093));
#186=EDGE_LOOP('',(#1094,#1095,#1096,#1097,#1098,#1099,#1100,#1101));
#187=EDGE_LOOP('',(#1102,#1103,#1104,#1105));
#188=EDGE_LOOP('',(#1106,#1107,#1108,#1109));
#189=EDGE_LOOP('',(#1110,#1111,#1112,#1113,#1114,#1115,#1116,#1117));
#190=EDGE_LOOP('',(#1118,#1119,#1120,#1121));
#191=EDGE_LOOP('',(#1122,#1123,#1124,#1125));
#192=EDGE_LOOP('',(#1126,#1127,#1128,#1129));
#193=EDGE_LOOP('',(#1130,#1131,#1132,#1133));
#194=EDGE_LOOP('',(#1134,#1135,#1136,#1137));
#195=EDGE_LOOP('',(#1138,#1139,#1140,#1141));
#196=EDGE_LOOP('',(#1142,#1143,#1144,#1145));
#197=EDGE_LOOP('',(#1146,#1147,#1148,#1149));
#198=EDGE_LOOP('',(#1150,#1151,#1152,#1153));
#199=EDGE_LOOP('',(#1154,#1155,#1156,#1157,#1158,#1159));
#200=EDGE_LOOP('',(#1160,#1161,#1162,#1163));
#201=EDGE_LOOP('',(#1164,#1165,#1166,#1167));
#202=EDGE_LOOP('',(#1168,#1169,#1170,#1171,#1172,#1173,#1174,#1175));
#203=EDGE_LOOP('',(#1176,#1177,#1178,#1179));
#204=EDGE_LOOP('',(#1180,#1181,#1182,#1183));
#205=EDGE_LOOP('',(#1184,#1185,#1186,#1187));
#206=EDGE_LOOP('',(#1188,#1189,#1190,#1191,#1192,#1193,#1194,#1195));
#207=EDGE_LOOP('',(#1196,#1197,#1198,#1199));
#208=EDGE_LOOP('',(#1200,#1201,#1202,#1203));
#209=EDGE_LOOP('',(#1204,#1205,#1206,#1207,#1208,#1209,#1210,#1211,#1212,
#1213,#1214,#1215,#1216,#1217,#1218,#1219));
#210=EDGE_LOOP('',(#1220,#1221,#1222,#1223,#1224,#1225,#1226,#1227));
#211=EDGE_LOOP('',(#1228,#1229,#1230,#1231));
#212=EDGE_LOOP('',(#1232,#1233,#1234,#1235,#1236,#1237));
#213=EDGE_LOOP('',(#1238,#1239,#1240,#1241));
#214=EDGE_LOOP('',(#1242));
#215=EDGE_LOOP('',(#1243));
#216=EDGE_LOOP('',(#1244));
#217=EDGE_LOOP('',(#1245));
#218=EDGE_LOOP('',(#1246,#1247,#1248,#1249,#1250,#1251));
#219=EDGE_LOOP('',(#1252,#1253,#1254,#1255));
#220=EDGE_LOOP('',(#1256,#1257,#1258,#1259));
#221=EDGE_LOOP('',(#1260,#1261,#1262,#1263));
#222=EDGE_LOOP('',(#1264,#1265,#1266,#1267));
#223=EDGE_LOOP('',(#1268,#1269,#1270,#1271));
#224=EDGE_LOOP('',(#1272,#1273,#1274,#1275,#1276,#1277));
#225=EDGE_LOOP('',(#1278,#1279,#1280,#1281));
#226=EDGE_LOOP('',(#1282,#1283,#1284,#1285,#1286,#1287,#1288,#1289));
#227=EDGE_LOOP('',(#1290,#1291,#1292,#1293));
#228=EDGE_LOOP('',(#1294,#1295,#1296,#1297));
#229=EDGE_LOOP('',(#1298,#1299,#1300,#1301));
#230=EDGE_LOOP('',(#1302,#1303,#1304,#1305));
#231=EDGE_LOOP('',(#1306,#1307,#1308,#1309,#1310,#1311));
#232=EDGE_LOOP('',(#1312,#1313,#1314,#1315));
#233=EDGE_LOOP('',(#1316,#1317,#1318,#1319));
#234=EDGE_LOOP('',(#1320,#1321,#1322,#1323));
#235=EDGE_LOOP('',(#1324,#1325,#1326,#1327));
#236=EDGE_LOOP('',(#1328,#1329,#1330,#1331));
#237=EDGE_LOOP('',(#1332,#1333,#1334,#1335));
#238=EDGE_LOOP('',(#1336,#1337,#1338,#1339));
#239=EDGE_LOOP('',(#1340,#1341,#1342,#1343));
#240=EDGE_LOOP('',(#1344,#1345,#1346,#1347,#1348,#1349,#1350,#1351,#1352,
#1353));
#241=EDGE_LOOP('',(#1354,#1355,#1356,#1357));
#242=EDGE_LOOP('',(#1358,#1359,#1360,#1361,#1362,#1363,#1364,#1365));
#243=EDGE_LOOP('',(#1366,#1367,#1368,#1369));
#244=EDGE_LOOP('',(#1370));
#245=EDGE_LOOP('',(#1371,#1372,#1373,#1374));
#246=EDGE_LOOP('',(#1375));
#247=EDGE_LOOP('',(#1376,#1377,#1378,#1379));
#248=EDGE_LOOP('',(#1380));
#249=EDGE_LOOP('',(#1381,#1382,#1383,#1384));
#250=EDGE_LOOP('',(#1385));
#251=EDGE_LOOP('',(#1386,#1387,#1388,#1389));
#252=EDGE_LOOP('',(#1390,#1391,#1392,#1393));
#253=EDGE_LOOP('',(#1394,#1395,#1396,#1397));
#254=EDGE_LOOP('',(#1398,#1399,#1400,#1401));
#255=EDGE_LOOP('',(#1402,#1403,#1404,#1405,#1406,#1407));
#256=EDGE_LOOP('',(#1408,#1409,#1410,#1411));
#257=EDGE_LOOP('',(#1412,#1413,#1414,#1415));
#258=EDGE_LOOP('',(#1416,#1417,#1418,#1419));
#259=ELLIPSE('',#1559,1.13137084989848,0.8);
#260=ELLIPSE('',#1571,1.13137084989848,0.8);
#261=ELLIPSE('',#1581,1.13137084989846,0.8);
#262=ELLIPSE('',#1593,1.13137084989846,0.8);
#263=LINE('',#2156,#416);
#264=LINE('',#2159,#417);
#265=LINE('',#2170,#418);
#266=LINE('',#2171,#419);
#267=LINE('',#2182,#420);
#268=LINE('',#2183,#421);
#269=LINE('',#2186,#422);
#270=LINE('',#2188,#423);
#271=LINE('',#2190,#424);
#272=LINE('',#2192,#425);
#273=LINE('',#2194,#426);
#274=LINE('',#2196,#427);
#275=LINE('',#2197,#428);
#276=LINE('',#2200,#429);
#277=LINE('',#2204,#430);
#278=LINE('',#2205,#431);
#279=LINE('',#2208,#432);
#280=LINE('',#2212,#433);
#281=LINE('',#2214,#434);
#282=LINE('',#2216,#435);
#283=LINE('',#2218,#436);
#284=LINE('',#2220,#437);
#285=LINE('',#2221,#438);
#286=LINE('',#2226,#439);
#287=LINE('',#2238,#440);
#288=LINE('',#2239,#441);
#289=LINE('',#2248,#442);
#290=LINE('',#2251,#443);
#291=LINE('',#2255,#444);
#292=LINE('',#2256,#445);
#293=LINE('',#2262,#446);
#294=LINE('',#2265,#447);
#295=LINE('',#2266,#448);
#296=LINE('',#2267,#449);
#297=LINE('',#2272,#450);
#298=LINE('',#2277,#451);
#299=LINE('',#2279,#452);
#300=LINE('',#2281,#453);
#301=LINE('',#2282,#454);
#302=LINE('',#2285,#455);
#303=LINE('',#2288,#456);
#304=LINE('',#2292,#457);
#305=LINE('',#2295,#458);
#306=LINE('',#2296,#459);
#307=LINE('',#2303,#460);
#308=LINE('',#2306,#461);
#309=LINE('',#2309,#462);
#310=LINE('',#2313,#463);
#311=LINE('',#2317,#464);
#312=LINE('',#2320,#465);
#313=LINE('',#2323,#466);
#314=LINE('',#2327,#467);
#315=LINE('',#2331,#468);
#316=LINE('',#2332,#469);
#317=LINE('',#2335,#470);
#318=LINE('',#2338,#471);
#319=LINE('',#2341,#472);
#320=LINE('',#2342,#473);
#321=LINE('',#2346,#474);
#322=LINE('',#2349,#475);
#323=LINE('',#2350,#476);
#324=LINE('',#2358,#477);
#325=LINE('',#2361,#478);
#326=LINE('',#2364,#479);
#327=LINE('',#2366,#480);
#328=LINE('',#2367,#481);
#329=LINE('',#2370,#482);
#330=LINE('',#2372,#483);
#331=LINE('',#2374,#484);
#332=LINE('',#2381,#485);
#333=LINE('',#2384,#486);
#334=LINE('',#2387,#487);
#335=LINE('',#2389,#488);
#336=LINE('',#2390,#489);
#337=LINE('',#2394,#490);
#338=LINE('',#2396,#491);
#339=LINE('',#2398,#492);
#340=LINE('',#2399,#493);
#341=LINE('',#2402,#494);
#342=LINE('',#2406,#495);
#343=LINE('',#2410,#496);
#344=LINE('',#2414,#497);
#345=LINE('',#2417,#498);
#346=LINE('',#2419,#499);
#347=LINE('',#2421,#500);
#348=LINE('',#2425,#501);
#349=LINE('',#2426,#502);
#350=LINE('',#2429,#503);
#351=LINE('',#2435,#504);
#352=LINE('',#2436,#505);
#353=LINE('',#2439,#506);
#354=LINE('',#2441,#507);
#355=LINE('',#2442,#508);
#356=LINE('',#2444,#509);
#357=LINE('',#2446,#510);
#358=LINE('',#2447,#511);
#359=LINE('',#2449,#512);
#360=LINE('',#2451,#513);
#361=LINE('',#2453,#514);
#362=LINE('',#2454,#515);
#363=LINE('',#2457,#516);
#364=LINE('',#2459,#517);
#365=LINE('',#2460,#518);
#366=LINE('',#2461,#519);
#367=LINE('',#2464,#520);
#368=LINE('',#2465,#521);
#369=LINE('',#2468,#522);
#370=LINE('',#2470,#523);
#371=LINE('',#2472,#524);
#372=LINE('',#2473,#525);
#373=LINE('',#2476,#526);
#374=LINE('',#2478,#527);
#375=LINE('',#2480,#528);
#376=LINE('',#2481,#529);
#377=LINE('',#2491,#530);
#378=LINE('',#2493,#531);
#379=LINE('',#2495,#532);
#380=LINE('',#2497,#533);
#381=LINE('',#2499,#534);
#382=LINE('',#2502,#535);
#383=LINE('',#2504,#536);
#384=LINE('',#2505,#537);
#385=LINE('',#2508,#538);
#386=LINE('',#2509,#539);
#387=LINE('',#2512,#540);
#388=LINE('',#2513,#541);
#389=LINE('',#2515,#542);
#390=LINE('',#2518,#543);
#391=LINE('',#2521,#544);
#392=LINE('',#2524,#545);
#393=LINE('',#2525,#546);
#394=LINE('',#2529,#547);
#395=LINE('',#2531,#548);
#396=LINE('',#2534,#549);
#397=LINE('',#2535,#550);
#398=LINE('',#2537,#551);
#399=LINE('',#2539,#552);
#400=LINE('',#2543,#553);
#401=LINE('',#2545,#554);
#402=LINE('',#2546,#555);
#403=LINE('',#2550,#556);
#404=LINE('',#2553,#557);
#405=LINE('',#2556,#558);
#406=LINE('',#2560,#559);
#407=LINE('',#2565,#560);
#408=LINE('',#2570,#561);
#409=LINE('',#2575,#562);
#410=LINE('',#2578,#563);
#411=LINE('',#2579,#564);
#412=LINE('',#2581,#565);
#413=LINE('',#2583,#566);
#414=LINE('',#2586,#567);
#415=LINE('',#2588,#568);
#416=VECTOR('',#1709,10.);
#417=VECTOR('',#1712,10.);
#418=VECTOR('',#1725,10.);
#419=VECTOR('',#1726,10.);
#420=VECTOR('',#1739,10.);
#421=VECTOR('',#1740,10.);
#422=VECTOR('',#1743,10.);
#423=VECTOR('',#1744,10.);
#424=VECTOR('',#1745,10.);
#425=VECTOR('',#1746,10.);
#426=VECTOR('',#1747,10.);
#427=VECTOR('',#1748,10.);
#428=VECTOR('',#1749,10.);
#429=VECTOR('',#1752,10.);
#430=VECTOR('',#1757,10.);
#431=VECTOR('',#1758,10.);
#432=VECTOR('',#1761,10.);
#433=VECTOR('',#1766,10.);
#434=VECTOR('',#1767,10.);
#435=VECTOR('',#1768,10.);
#436=VECTOR('',#1769,10.);
#437=VECTOR('',#1770,10.);
#438=VECTOR('',#1771,10.);
#439=VECTOR('',#1776,10.);
#440=VECTOR('',#1791,10.);
#441=VECTOR('',#1792,10.);
#442=VECTOR('',#1805,10.);
#443=VECTOR('',#1808,10.);
#444=VECTOR('',#1813,10.);
#445=VECTOR('',#1814,10.);
#446=VECTOR('',#1823,10.);
#447=VECTOR('',#1826,10.);
#448=VECTOR('',#1827,10.);
#449=VECTOR('',#1828,10.);
#450=VECTOR('',#1833,10.);
#451=VECTOR('',#1838,10.);
#452=VECTOR('',#1839,10.);
#453=VECTOR('',#1840,10.);
#454=VECTOR('',#1841,10.);
#455=VECTOR('',#1846,10.);
#456=VECTOR('',#1849,10.);
#457=VECTOR('',#1852,10.);
#458=VECTOR('',#1855,10.);
#459=VECTOR('',#1856,10.);
#460=VECTOR('',#1863,10.);
#461=VECTOR('',#1866,10.);
#462=VECTOR('',#1869,10.);
#463=VECTOR('',#1872,10.);
#464=VECTOR('',#1875,10.);
#465=VECTOR('',#1878,10.);
#466=VECTOR('',#1879,10.);
#467=VECTOR('',#1882,10.);
#468=VECTOR('',#1887,10.);
#469=VECTOR('',#1888,10.);
#470=VECTOR('',#1891,10.);
#471=VECTOR('',#1894,10.);
#472=VECTOR('',#1897,10.);
#473=VECTOR('',#1898,10.);
#474=VECTOR('',#1903,10.);
#475=VECTOR('',#1906,10.);
#476=VECTOR('',#1907,10.);
#477=VECTOR('',#1916,10.);
#478=VECTOR('',#1919,10.);
#479=VECTOR('',#1922,10.);
#480=VECTOR('',#1923,10.);
#481=VECTOR('',#1924,10.);
#482=VECTOR('',#1927,10.);
#483=VECTOR('',#1928,10.);
#484=VECTOR('',#1929,10.);
#485=VECTOR('',#1936,10.);
#486=VECTOR('',#1939,10.);
#487=VECTOR('',#1942,10.);
#488=VECTOR('',#1943,10.);
#489=VECTOR('',#1944,10.);
#490=VECTOR('',#1947,10.);
#491=VECTOR('',#1948,10.);
#492=VECTOR('',#1949,10.);
#493=VECTOR('',#1950,10.);
#494=VECTOR('',#1951,10.);
#495=VECTOR('',#1954,10.);
#496=VECTOR('',#1957,10.);
#497=VECTOR('',#1960,10.);
#498=VECTOR('',#1963,10.);
#499=VECTOR('',#1964,10.);
#500=VECTOR('',#1965,10.);
#501=VECTOR('',#1968,10.);
#502=VECTOR('',#1969,10.);
#503=VECTOR('',#1972,10.);
#504=VECTOR('',#1979,10.);
#505=VECTOR('',#1980,10.);
#506=VECTOR('',#1983,10.);
#507=VECTOR('',#1984,10.);
#508=VECTOR('',#1985,10.);
#509=VECTOR('',#1986,10.);
#510=VECTOR('',#1987,10.);
#511=VECTOR('',#1988,10.);
#512=VECTOR('',#1989,10.);
#513=VECTOR('',#1990,10.);
#514=VECTOR('',#1991,10.);
#515=VECTOR('',#1992,10.);
#516=VECTOR('',#1995,10.);
#517=VECTOR('',#1996,10.);
#518=VECTOR('',#1997,10.);
#519=VECTOR('',#1998,10.);
#520=VECTOR('',#2001,10.);
#521=VECTOR('',#2002,10.);
#522=VECTOR('',#2005,10.);
#523=VECTOR('',#2006,10.);
#524=VECTOR('',#2007,10.);
#525=VECTOR('',#2008,10.);
#526=VECTOR('',#2009,10.);
#527=VECTOR('',#2010,10.);
#528=VECTOR('',#2011,10.);
#529=VECTOR('',#2012,10.);
#530=VECTOR('',#2023,10.);
#531=VECTOR('',#2026,10.);
#532=VECTOR('',#2029,10.);
#533=VECTOR('',#2032,10.);
#534=VECTOR('',#2035,10.);
#535=VECTOR('',#2038,10.);
#536=VECTOR('',#2039,10.);
#537=VECTOR('',#2040,10.);
#538=VECTOR('',#2043,10.);
#539=VECTOR('',#2044,10.);
#540=VECTOR('',#2047,10.);
#541=VECTOR('',#2048,10.);
#542=VECTOR('',#2051,10.);
#543=VECTOR('',#2054,10.);
#544=VECTOR('',#2057,10.);
#545=VECTOR('',#2060,10.);
#546=VECTOR('',#2061,10.);
#547=VECTOR('',#2066,10.);
#548=VECTOR('',#2069,10.);
#549=VECTOR('',#2074,10.);
#550=VECTOR('',#2075,10.);
#551=VECTOR('',#2078,10.);
#552=VECTOR('',#2081,10.);
#553=VECTOR('',#2086,10.);
#554=VECTOR('',#2087,10.);
#555=VECTOR('',#2088,10.);
#556=VECTOR('',#2093,10.);
#557=VECTOR('',#2096,10.);
#558=VECTOR('',#2101,10.);
#559=VECTOR('',#2106,1.);
#560=VECTOR('',#2113,1.);
#561=VECTOR('',#2120,1.);
#562=VECTOR('',#2127,1.);
#563=VECTOR('',#2132,10.);
#564=VECTOR('',#2133,10.);
#565=VECTOR('',#2136,10.);
#566=VECTOR('',#2139,10.);
#567=VECTOR('',#2144,10.);
#568=VECTOR('',#2147,10.);
#569=CIRCLE('',#1558,0.8);
#570=CIRCLE('',#1561,0.800000000000001);
#571=CIRCLE('',#1562,3.2);
#572=CIRCLE('',#1563,4.);
#573=CIRCLE('',#1565,0.8);
#574=CIRCLE('',#1567,0.800000000000001);
#575=CIRCLE('',#1568,3.2);
#576=CIRCLE('',#1569,4.);
#577=CIRCLE('',#1574,4.);
#578=CIRCLE('',#1577,4.);
#579=CIRCLE('',#1580,0.800000000000001);
#580=CIRCLE('',#1583,0.799999999999983);
#581=CIRCLE('',#1584,3.2);
#582=CIRCLE('',#1585,4.);
#583=CIRCLE('',#1587,0.799999999999983);
#584=CIRCLE('',#1589,0.800000000000001);
#585=CIRCLE('',#1590,3.2);
#586=CIRCLE('',#1591,4.);
#587=CIRCLE('',#1595,4.);
#588=CIRCLE('',#1598,4.);
#589=CIRCLE('',#1600,0.8);
#590=CIRCLE('',#1603,0.8);
#591=CIRCLE('',#1604,0.8);
#592=CIRCLE('',#1605,0.8);
#593=CIRCLE('',#1609,2.);
#594=CIRCLE('',#1610,2.);
#595=CIRCLE('',#1613,4.);
#596=CIRCLE('',#1614,4.);
#597=CIRCLE('',#1616,4.);
#598=CIRCLE('',#1617,4.);
#599=CIRCLE('',#1618,4.);
#600=CIRCLE('',#1619,1.50000000000002);
#601=CIRCLE('',#1620,3.25000000000002);
#602=CIRCLE('',#1623,4.);
#603=CIRCLE('',#1626,4.);
#604=CIRCLE('',#1629,4.);
#605=CIRCLE('',#1631,2.);
#606=CIRCLE('',#1632,2.);
#607=CIRCLE('',#1635,2.);
#608=CIRCLE('',#1637,2.);
#609=CIRCLE('',#1638,2.);
#610=CIRCLE('',#1641,3.25000000000002);
#611=CIRCLE('',#1642,1.50000000000002);
#612=CIRCLE('',#1643,1.5);
#613=CIRCLE('',#1644,3.25);
#614=CIRCLE('',#1645,2.);
#615=CIRCLE('',#1647,2.);
#616=CIRCLE('',#1649,2.);
#617=CIRCLE('',#1654,1.);
#618=CIRCLE('',#1655,1.);
#619=CIRCLE('',#1656,1.);
#620=CIRCLE('',#1657,1.);
#621=CIRCLE('',#1668,1.5);
#622=CIRCLE('',#1671,3.25);
#623=CIRCLE('',#1680,2.);
#624=CIRCLE('',#1682,2.);
#625=CIRCLE('',#1685,1.);
#626=CIRCLE('',#1688,1.);
#627=CIRCLE('',#1691,1.);
#628=CIRCLE('',#1694,1.);
#629=VERTEX_POINT('',#2152);
#630=VERTEX_POINT('',#2153);
#631=VERTEX_POINT('',#2155);
#632=VERTEX_POINT('',#2157);
#633=VERTEX_POINT('',#2161);
#634=VERTEX_POINT('',#2162);
#635=VERTEX_POINT('',#2167);
#636=VERTEX_POINT('',#2168);
#637=VERTEX_POINT('',#2173);
#638=VERTEX_POINT('',#2174);
#639=VERTEX_POINT('',#2179);
#640=VERTEX_POINT('',#2180);
#641=VERTEX_POINT('',#2185);
#642=VERTEX_POINT('',#2187);
#643=VERTEX_POINT('',#2189);
#644=VERTEX_POINT('',#2191);
#645=VERTEX_POINT('',#2193);
#646=VERTEX_POINT('',#2195);
#647=VERTEX_POINT('',#2199);
#648=VERTEX_POINT('',#2203);
#649=VERTEX_POINT('',#2207);
#650=VERTEX_POINT('',#2211);
#651=VERTEX_POINT('',#2213);
#652=VERTEX_POINT('',#2215);
#653=VERTEX_POINT('',#2217);
#654=VERTEX_POINT('',#2219);
#655=VERTEX_POINT('',#2223);
#656=VERTEX_POINT('',#2225);
#657=VERTEX_POINT('',#2229);
#658=VERTEX_POINT('',#2230);
#659=VERTEX_POINT('',#2235);
#660=VERTEX_POINT('',#2236);
#661=VERTEX_POINT('',#2241);
#662=VERTEX_POINT('',#2246);
#663=VERTEX_POINT('',#2250);
#664=VERTEX_POINT('',#2254);
#665=VERTEX_POINT('',#2260);
#666=VERTEX_POINT('',#2264);
#667=VERTEX_POINT('',#2269);
#668=VERTEX_POINT('',#2271);
#669=VERTEX_POINT('',#2275);
#670=VERTEX_POINT('',#2276);
#671=VERTEX_POINT('',#2278);
#672=VERTEX_POINT('',#2280);
#673=VERTEX_POINT('',#2287);
#674=VERTEX_POINT('',#2289);
#675=VERTEX_POINT('',#2291);
#676=VERTEX_POINT('',#2293);
#677=VERTEX_POINT('',#2299);
#678=VERTEX_POINT('',#2300);
#679=VERTEX_POINT('',#2302);
#680=VERTEX_POINT('',#2304);
#681=VERTEX_POINT('',#2308);
#682=VERTEX_POINT('',#2310);
#683=VERTEX_POINT('',#2312);
#684=VERTEX_POINT('',#2314);
#685=VERTEX_POINT('',#2316);
#686=VERTEX_POINT('',#2318);
#687=VERTEX_POINT('',#2321);
#688=VERTEX_POINT('',#2322);
#689=VERTEX_POINT('',#2324);
#690=VERTEX_POINT('',#2326);
#691=VERTEX_POINT('',#2330);
#692=VERTEX_POINT('',#2334);
#693=VERTEX_POINT('',#2336);
#694=VERTEX_POINT('',#2340);
#695=VERTEX_POINT('',#2344);
#696=VERTEX_POINT('',#2348);
#697=VERTEX_POINT('',#2354);
#698=VERTEX_POINT('',#2355);
#699=VERTEX_POINT('',#2357);
#700=VERTEX_POINT('',#2359);
#701=VERTEX_POINT('',#2363);
#702=VERTEX_POINT('',#2365);
#703=VERTEX_POINT('',#2369);
#704=VERTEX_POINT('',#2371);
#705=VERTEX_POINT('',#2373);
#706=VERTEX_POINT('',#2377);
#707=VERTEX_POINT('',#2378);
#708=VERTEX_POINT('',#2380);
#709=VERTEX_POINT('',#2382);
#710=VERTEX_POINT('',#2386);
#711=VERTEX_POINT('',#2388);
#712=VERTEX_POINT('',#2392);
#713=VERTEX_POINT('',#2393);
#714=VERTEX_POINT('',#2395);
#715=VERTEX_POINT('',#2397);
#716=VERTEX_POINT('',#2400);
#717=VERTEX_POINT('',#2401);
#718=VERTEX_POINT('',#2403);
#719=VERTEX_POINT('',#2405);
#720=VERTEX_POINT('',#2408);
#721=VERTEX_POINT('',#2409);
#722=VERTEX_POINT('',#2411);
#723=VERTEX_POINT('',#2413);
#724=VERTEX_POINT('',#2416);
#725=VERTEX_POINT('',#2418);
#726=VERTEX_POINT('',#2420);
#727=VERTEX_POINT('',#2422);
#728=VERTEX_POINT('',#2424);
#729=VERTEX_POINT('',#2428);
#730=VERTEX_POINT('',#2432);
#731=VERTEX_POINT('',#2433);
#732=VERTEX_POINT('',#2438);
#733=VERTEX_POINT('',#2440);
#734=VERTEX_POINT('',#2443);
#735=VERTEX_POINT('',#2445);
#736=VERTEX_POINT('',#2448);
#737=VERTEX_POINT('',#2450);
#738=VERTEX_POINT('',#2452);
#739=VERTEX_POINT('',#2456);
#740=VERTEX_POINT('',#2458);
#741=VERTEX_POINT('',#2463);
#742=VERTEX_POINT('',#2467);
#743=VERTEX_POINT('',#2469);
#744=VERTEX_POINT('',#2471);
#745=VERTEX_POINT('',#2474);
#746=VERTEX_POINT('',#2475);
#747=VERTEX_POINT('',#2477);
#748=VERTEX_POINT('',#2479);
#749=VERTEX_POINT('',#2482);
#750=VERTEX_POINT('',#2484);
#751=VERTEX_POINT('',#2486);
#752=VERTEX_POINT('',#2488);
#753=VERTEX_POINT('',#2501);
#754=VERTEX_POINT('',#2503);
#755=VERTEX_POINT('',#2507);
#756=VERTEX_POINT('',#2511);
#757=VERTEX_POINT('',#2517);
#758=VERTEX_POINT('',#2519);
#759=VERTEX_POINT('',#2523);
#760=VERTEX_POINT('',#2527);
#761=VERTEX_POINT('',#2542);
#762=VERTEX_POINT('',#2544);
#763=VERTEX_POINT('',#2548);
#764=VERTEX_POINT('',#2552);
#765=VERTEX_POINT('',#2558);
#766=VERTEX_POINT('',#2563);
#767=VERTEX_POINT('',#2568);
#768=VERTEX_POINT('',#2573);
#769=EDGE_CURVE('',#629,#630,#569,.T.);
#770=EDGE_CURVE('',#630,#631,#263,.T.);
#771=EDGE_CURVE('',#631,#632,#259,.F.);
#772=EDGE_CURVE('',#632,#629,#264,.T.);
#773=EDGE_CURVE('',#633,#634,#570,.T.);
#774=EDGE_CURVE('',#634,#630,#571,.T.);
#775=EDGE_CURVE('',#629,#633,#572,.T.);
#776=EDGE_CURVE('',#635,#636,#573,.T.);
#777=EDGE_CURVE('',#636,#634,#265,.T.);
#778=EDGE_CURVE('',#633,#635,#266,.T.);
#779=EDGE_CURVE('',#637,#638,#574,.T.);
#780=EDGE_CURVE('',#638,#636,#575,.T.);
#781=EDGE_CURVE('',#635,#637,#576,.T.);
#782=EDGE_CURVE('',#639,#640,#260,.F.);
#783=EDGE_CURVE('',#640,#638,#267,.T.);
#784=EDGE_CURVE('',#637,#639,#268,.T.);
#785=EDGE_CURVE('',#639,#641,#269,.T.);
#786=EDGE_CURVE('',#642,#637,#270,.T.);
#787=EDGE_CURVE('',#643,#642,#271,.T.);
#788=EDGE_CURVE('',#644,#643,#272,.T.);
#789=EDGE_CURVE('',#645,#644,#273,.T.);
#790=EDGE_CURVE('',#646,#645,#274,.T.);
#791=EDGE_CURVE('',#641,#646,#275,.T.);
#792=EDGE_CURVE('',#635,#647,#276,.T.);
#793=EDGE_CURVE('',#647,#642,#577,.T.);
#794=EDGE_CURVE('',#648,#633,#277,.T.);
#795=EDGE_CURVE('',#647,#648,#278,.T.);
#796=EDGE_CURVE('',#629,#649,#279,.T.);
#797=EDGE_CURVE('',#649,#648,#578,.T.);
#798=EDGE_CURVE('',#650,#632,#280,.T.);
#799=EDGE_CURVE('',#651,#650,#281,.T.);
#800=EDGE_CURVE('',#652,#651,#282,.T.);
#801=EDGE_CURVE('',#653,#652,#283,.T.);
#802=EDGE_CURVE('',#654,#653,#284,.T.);
#803=EDGE_CURVE('',#649,#654,#285,.T.);
#804=EDGE_CURVE('',#644,#655,#579,.T.);
#805=EDGE_CURVE('',#655,#656,#286,.T.);
#806=EDGE_CURVE('',#656,#645,#261,.F.);
#807=EDGE_CURVE('',#657,#658,#580,.T.);
#808=EDGE_CURVE('',#658,#655,#581,.T.);
#809=EDGE_CURVE('',#644,#657,#582,.T.);
#810=EDGE_CURVE('',#659,#660,#583,.T.);
#811=EDGE_CURVE('',#660,#658,#287,.T.);
#812=EDGE_CURVE('',#657,#659,#288,.T.);
#813=EDGE_CURVE('',#653,#661,#584,.T.);
#814=EDGE_CURVE('',#661,#660,#585,.T.);
#815=EDGE_CURVE('',#659,#653,#586,.T.);
#816=EDGE_CURVE('',#652,#662,#262,.F.);
#817=EDGE_CURVE('',#662,#661,#289,.T.);
#818=EDGE_CURVE('',#659,#663,#290,.T.);
#819=EDGE_CURVE('',#663,#654,#587,.T.);
#820=EDGE_CURVE('',#664,#657,#291,.T.);
#821=EDGE_CURVE('',#663,#664,#292,.T.);
#822=EDGE_CURVE('',#643,#664,#588,.T.);
#823=EDGE_CURVE('',#641,#665,#589,.T.);
#824=EDGE_CURVE('',#665,#640,#293,.T.);
#825=EDGE_CURVE('',#666,#665,#294,.T.);
#826=EDGE_CURVE('',#631,#666,#295,.T.);
#827=EDGE_CURVE('',#631,#640,#296,.T.);
#828=EDGE_CURVE('',#667,#646,#590,.T.);
#829=EDGE_CURVE('',#667,#668,#297,.T.);
#830=EDGE_CURVE('',#651,#668,#591,.T.);
#831=EDGE_CURVE('',#666,#650,#592,.T.);
#832=EDGE_CURVE('',#669,#670,#298,.T.);
#833=EDGE_CURVE('',#670,#671,#299,.T.);
#834=EDGE_CURVE('',#671,#672,#300,.T.);
#835=EDGE_CURVE('',#672,#669,#301,.T.);
#836=EDGE_CURVE('',#656,#667,#302,.T.);
#837=EDGE_CURVE('',#656,#673,#303,.T.);
#838=EDGE_CURVE('',#674,#673,#593,.T.);
#839=EDGE_CURVE('',#674,#675,#304,.T.);
#840=EDGE_CURVE('',#676,#675,#594,.T.);
#841=EDGE_CURVE('',#676,#662,#305,.T.);
#842=EDGE_CURVE('',#668,#662,#306,.T.);
#843=EDGE_CURVE('',#677,#678,#595,.T.);
#844=EDGE_CURVE('',#677,#679,#307,.T.);
#845=EDGE_CURVE('',#679,#680,#596,.T.);
#846=EDGE_CURVE('',#680,#678,#308,.T.);
#847=EDGE_CURVE('',#678,#681,#309,.T.);
#848=EDGE_CURVE('',#681,#682,#597,.T.);
#849=EDGE_CURVE('',#683,#682,#310,.T.);
#850=EDGE_CURVE('',#683,#684,#598,.T.);
#851=EDGE_CURVE('',#684,#685,#311,.T.);
#852=EDGE_CURVE('',#685,#686,#599,.T.);
#853=EDGE_CURVE('',#686,#677,#312,.T.);
#854=EDGE_CURVE('',#687,#688,#313,.T.);
#855=EDGE_CURVE('',#688,#689,#600,.T.);
#856=EDGE_CURVE('',#689,#690,#314,.T.);
#857=EDGE_CURVE('',#690,#687,#601,.T.);
#858=EDGE_CURVE('',#691,#680,#315,.T.);
#859=EDGE_CURVE('',#681,#691,#316,.T.);
#860=EDGE_CURVE('',#685,#692,#317,.T.);
#861=EDGE_CURVE('',#692,#693,#602,.T.);
#862=EDGE_CURVE('',#693,#686,#318,.T.);
#863=EDGE_CURVE('',#694,#684,#319,.T.);
#864=EDGE_CURVE('',#692,#694,#320,.T.);
#865=EDGE_CURVE('',#691,#695,#603,.T.);
#866=EDGE_CURVE('',#695,#682,#321,.T.);
#867=EDGE_CURVE('',#695,#696,#322,.T.);
#868=EDGE_CURVE('',#683,#696,#323,.T.);
#869=EDGE_CURVE('',#696,#694,#604,.T.);
#870=EDGE_CURVE('',#697,#698,#605,.T.);
#871=EDGE_CURVE('',#698,#699,#324,.T.);
#872=EDGE_CURVE('',#699,#700,#606,.F.);
#873=EDGE_CURVE('',#700,#697,#325,.T.);
#874=EDGE_CURVE('',#701,#698,#326,.T.);
#875=EDGE_CURVE('',#702,#701,#327,.T.);
#876=EDGE_CURVE('',#702,#699,#328,.T.);
#877=EDGE_CURVE('',#697,#703,#329,.T.);
#878=EDGE_CURVE('',#703,#704,#330,.T.);
#879=EDGE_CURVE('',#704,#705,#331,.T.);
#880=EDGE_CURVE('',#701,#705,#607,.T.);
#881=EDGE_CURVE('',#706,#707,#608,.T.);
#882=EDGE_CURVE('',#707,#708,#332,.T.);
#883=EDGE_CURVE('',#708,#709,#609,.F.);
#884=EDGE_CURVE('',#709,#706,#333,.T.);
#885=EDGE_CURVE('',#710,#707,#334,.T.);
#886=EDGE_CURVE('',#710,#711,#335,.T.);
#887=EDGE_CURVE('',#711,#708,#336,.T.);
#888=EDGE_CURVE('',#712,#713,#337,.T.);
#889=EDGE_CURVE('',#713,#714,#338,.T.);
#890=EDGE_CURVE('',#714,#715,#339,.T.);
#891=EDGE_CURVE('',#715,#712,#340,.T.);
#892=EDGE_CURVE('',#716,#717,#341,.T.);
#893=EDGE_CURVE('',#717,#718,#610,.T.);
#894=EDGE_CURVE('',#718,#719,#342,.T.);
#895=EDGE_CURVE('',#719,#716,#611,.T.);
#896=EDGE_CURVE('',#720,#721,#343,.T.);
#897=EDGE_CURVE('',#721,#722,#612,.T.);
#898=EDGE_CURVE('',#722,#723,#344,.T.);
#899=EDGE_CURVE('',#723,#720,#613,.T.);
#900=EDGE_CURVE('',#706,#724,#345,.T.);
#901=EDGE_CURVE('',#724,#725,#346,.T.);
#902=EDGE_CURVE('',#725,#726,#347,.T.);
#903=EDGE_CURVE('',#727,#726,#614,.T.);
#904=EDGE_CURVE('',#727,#728,#348,.T.);
#905=EDGE_CURVE('',#728,#710,#349,.T.);
#906=EDGE_CURVE('',#705,#729,#350,.T.);
#907=EDGE_CURVE('',#729,#702,#615,.F.);
#908=EDGE_CURVE('',#730,#731,#616,.T.);
#909=EDGE_CURVE('',#730,#727,#351,.T.);
#910=EDGE_CURVE('',#726,#731,#352,.T.);
#911=EDGE_CURVE('',#732,#731,#353,.T.);
#912=EDGE_CURVE('',#733,#732,#354,.T.);
#913=EDGE_CURVE('',#709,#733,#355,.T.);
#914=EDGE_CURVE('',#734,#711,#356,.T.);
#915=EDGE_CURVE('',#735,#734,#357,.T.);
#916=EDGE_CURVE('',#700,#735,#358,.T.);
#917=EDGE_CURVE('',#736,#729,#359,.T.);
#918=EDGE_CURVE('',#737,#736,#360,.T.);
#919=EDGE_CURVE('',#738,#737,#361,.T.);
#920=EDGE_CURVE('',#730,#738,#362,.T.);
#921=EDGE_CURVE('',#725,#739,#363,.T.);
#922=EDGE_CURVE('',#740,#739,#364,.T.);
#923=EDGE_CURVE('',#740,#670,#365,.T.);
#924=EDGE_CURVE('',#732,#669,#366,.T.);
#925=EDGE_CURVE('',#739,#741,#367,.T.);
#926=EDGE_CURVE('',#741,#724,#368,.T.);
#927=EDGE_CURVE('',#741,#742,#369,.T.);
#928=EDGE_CURVE('',#742,#743,#370,.T.);
#929=EDGE_CURVE('',#743,#744,#371,.T.);
#930=EDGE_CURVE('',#744,#740,#372,.T.);
#931=EDGE_CURVE('',#745,#746,#373,.T.);
#932=EDGE_CURVE('',#746,#747,#374,.T.);
#933=EDGE_CURVE('',#747,#748,#375,.T.);
#934=EDGE_CURVE('',#748,#745,#376,.T.);
#935=EDGE_CURVE('',#749,#749,#617,.T.);
#936=EDGE_CURVE('',#750,#750,#618,.T.);
#937=EDGE_CURVE('',#751,#751,#619,.T.);
#938=EDGE_CURVE('',#752,#752,#620,.T.);
#939=EDGE_CURVE('',#742,#733,#377,.T.);
#940=EDGE_CURVE('',#735,#703,#378,.T.);
#941=EDGE_CURVE('',#728,#738,#379,.T.);
#942=EDGE_CURVE('',#704,#736,#380,.T.);
#943=EDGE_CURVE('',#679,#693,#381,.T.);
#944=EDGE_CURVE('',#753,#734,#382,.T.);
#945=EDGE_CURVE('',#754,#753,#383,.T.);
#946=EDGE_CURVE('',#754,#735,#384,.T.);
#947=EDGE_CURVE('',#755,#754,#385,.T.);
#948=EDGE_CURVE('',#736,#755,#386,.T.);
#949=EDGE_CURVE('',#756,#755,#387,.T.);
#950=EDGE_CURVE('',#756,#737,#388,.T.);
#951=EDGE_CURVE('',#753,#756,#389,.T.);
#952=EDGE_CURVE('',#757,#721,#390,.T.);
#953=EDGE_CURVE('',#758,#757,#621,.T.);
#954=EDGE_CURVE('',#722,#758,#391,.T.);
#955=EDGE_CURVE('',#759,#758,#392,.T.);
#956=EDGE_CURVE('',#723,#759,#393,.T.);
#957=EDGE_CURVE('',#760,#759,#622,.T.);
#958=EDGE_CURVE('',#720,#760,#394,.T.);
#959=EDGE_CURVE('',#757,#760,#395,.T.);
#960=EDGE_CURVE('',#687,#717,#396,.T.);
#961=EDGE_CURVE('',#718,#690,#397,.T.);
#962=EDGE_CURVE('',#719,#689,#398,.T.);
#963=EDGE_CURVE('',#716,#688,#399,.T.);
#964=EDGE_CURVE('',#675,#761,#400,.T.);
#965=EDGE_CURVE('',#762,#674,#401,.T.);
#966=EDGE_CURVE('',#761,#762,#402,.T.);
#967=EDGE_CURVE('',#761,#763,#623,.T.);
#968=EDGE_CURVE('',#763,#676,#403,.T.);
#969=EDGE_CURVE('',#673,#764,#404,.T.);
#970=EDGE_CURVE('',#764,#762,#624,.T.);
#971=EDGE_CURVE('',#764,#763,#405,.T.);
#972=EDGE_CURVE('',#765,#765,#625,.T.);
#973=EDGE_CURVE('',#765,#752,#406,.T.);
#974=EDGE_CURVE('',#766,#766,#626,.T.);
#975=EDGE_CURVE('',#766,#751,#407,.T.);
#976=EDGE_CURVE('',#767,#767,#627,.T.);
#977=EDGE_CURVE('',#767,#750,#408,.T.);
#978=EDGE_CURVE('',#768,#768,#628,.T.);
#979=EDGE_CURVE('',#768,#749,#409,.T.);
#980=EDGE_CURVE('',#714,#748,#410,.T.);
#981=EDGE_CURVE('',#715,#747,#411,.T.);
#982=EDGE_CURVE('',#712,#746,#412,.T.);
#983=EDGE_CURVE('',#713,#745,#413,.T.);
#984=EDGE_CURVE('',#743,#672,#414,.T.);
#985=EDGE_CURVE('',#744,#671,#415,.T.);
#986=ORIENTED_EDGE('',*,*,#769,.T.);
#987=ORIENTED_EDGE('',*,*,#770,.T.);
#988=ORIENTED_EDGE('',*,*,#771,.T.);
#989=ORIENTED_EDGE('',*,*,#772,.T.);
#990=ORIENTED_EDGE('',*,*,#773,.T.);
#991=ORIENTED_EDGE('',*,*,#774,.T.);
#992=ORIENTED_EDGE('',*,*,#769,.F.);
#993=ORIENTED_EDGE('',*,*,#775,.T.);
#994=ORIENTED_EDGE('',*,*,#776,.T.);
#995=ORIENTED_EDGE('',*,*,#777,.T.);
#996=ORIENTED_EDGE('',*,*,#773,.F.);
#997=ORIENTED_EDGE('',*,*,#778,.T.);
#998=ORIENTED_EDGE('',*,*,#779,.T.);
#999=ORIENTED_EDGE('',*,*,#780,.T.);
#1000=ORIENTED_EDGE('',*,*,#776,.F.);
#1001=ORIENTED_EDGE('',*,*,#781,.T.);
#1002=ORIENTED_EDGE('',*,*,#782,.T.);
#1003=ORIENTED_EDGE('',*,*,#783,.T.);
#1004=ORIENTED_EDGE('',*,*,#779,.F.);
#1005=ORIENTED_EDGE('',*,*,#784,.T.);
#1006=ORIENTED_EDGE('',*,*,#785,.F.);
#1007=ORIENTED_EDGE('',*,*,#784,.F.);
#1008=ORIENTED_EDGE('',*,*,#786,.F.);
#1009=ORIENTED_EDGE('',*,*,#787,.F.);
#1010=ORIENTED_EDGE('',*,*,#788,.F.);
#1011=ORIENTED_EDGE('',*,*,#789,.F.);
#1012=ORIENTED_EDGE('',*,*,#790,.F.);
#1013=ORIENTED_EDGE('',*,*,#791,.F.);
#1014=ORIENTED_EDGE('',*,*,#781,.F.);
#1015=ORIENTED_EDGE('',*,*,#792,.T.);
#1016=ORIENTED_EDGE('',*,*,#793,.T.);
#1017=ORIENTED_EDGE('',*,*,#786,.T.);
#1018=ORIENTED_EDGE('',*,*,#778,.F.);
#1019=ORIENTED_EDGE('',*,*,#794,.F.);
#1020=ORIENTED_EDGE('',*,*,#795,.F.);
#1021=ORIENTED_EDGE('',*,*,#792,.F.);
#1022=ORIENTED_EDGE('',*,*,#775,.F.);
#1023=ORIENTED_EDGE('',*,*,#796,.T.);
#1024=ORIENTED_EDGE('',*,*,#797,.T.);
#1025=ORIENTED_EDGE('',*,*,#794,.T.);
#1026=ORIENTED_EDGE('',*,*,#772,.F.);
#1027=ORIENTED_EDGE('',*,*,#798,.F.);
#1028=ORIENTED_EDGE('',*,*,#799,.F.);
#1029=ORIENTED_EDGE('',*,*,#800,.F.);
#1030=ORIENTED_EDGE('',*,*,#801,.F.);
#1031=ORIENTED_EDGE('',*,*,#802,.F.);
#1032=ORIENTED_EDGE('',*,*,#803,.F.);
#1033=ORIENTED_EDGE('',*,*,#796,.F.);
#1034=ORIENTED_EDGE('',*,*,#804,.T.);
#1035=ORIENTED_EDGE('',*,*,#805,.T.);
#1036=ORIENTED_EDGE('',*,*,#806,.T.);
#1037=ORIENTED_EDGE('',*,*,#789,.T.);
#1038=ORIENTED_EDGE('',*,*,#807,.T.);
#1039=ORIENTED_EDGE('',*,*,#808,.T.);
#1040=ORIENTED_EDGE('',*,*,#804,.F.);
#1041=ORIENTED_EDGE('',*,*,#809,.T.);
#1042=ORIENTED_EDGE('',*,*,#810,.T.);
#1043=ORIENTED_EDGE('',*,*,#811,.T.);
#1044=ORIENTED_EDGE('',*,*,#807,.F.);
#1045=ORIENTED_EDGE('',*,*,#812,.T.);
#1046=ORIENTED_EDGE('',*,*,#813,.T.);
#1047=ORIENTED_EDGE('',*,*,#814,.T.);
#1048=ORIENTED_EDGE('',*,*,#810,.F.);
#1049=ORIENTED_EDGE('',*,*,#815,.T.);
#1050=ORIENTED_EDGE('',*,*,#816,.T.);
#1051=ORIENTED_EDGE('',*,*,#817,.T.);
#1052=ORIENTED_EDGE('',*,*,#813,.F.);
#1053=ORIENTED_EDGE('',*,*,#801,.T.);
#1054=ORIENTED_EDGE('',*,*,#815,.F.);
#1055=ORIENTED_EDGE('',*,*,#818,.T.);
#1056=ORIENTED_EDGE('',*,*,#819,.T.);
#1057=ORIENTED_EDGE('',*,*,#802,.T.);
#1058=ORIENTED_EDGE('',*,*,#812,.F.);
#1059=ORIENTED_EDGE('',*,*,#820,.F.);
#1060=ORIENTED_EDGE('',*,*,#821,.F.);
#1061=ORIENTED_EDGE('',*,*,#818,.F.);
#1062=ORIENTED_EDGE('',*,*,#809,.F.);
#1063=ORIENTED_EDGE('',*,*,#788,.T.);
#1064=ORIENTED_EDGE('',*,*,#822,.T.);
#1065=ORIENTED_EDGE('',*,*,#820,.T.);
#1066=ORIENTED_EDGE('',*,*,#823,.T.);
#1067=ORIENTED_EDGE('',*,*,#824,.T.);
#1068=ORIENTED_EDGE('',*,*,#782,.F.);
#1069=ORIENTED_EDGE('',*,*,#785,.T.);
#1070=ORIENTED_EDGE('',*,*,#824,.F.);
#1071=ORIENTED_EDGE('',*,*,#825,.F.);
#1072=ORIENTED_EDGE('',*,*,#826,.F.);
#1073=ORIENTED_EDGE('',*,*,#827,.T.);
#1074=ORIENTED_EDGE('',*,*,#823,.F.);
#1075=ORIENTED_EDGE('',*,*,#791,.T.);
#1076=ORIENTED_EDGE('',*,*,#828,.F.);
#1077=ORIENTED_EDGE('',*,*,#829,.T.);
#1078=ORIENTED_EDGE('',*,*,#830,.F.);
#1079=ORIENTED_EDGE('',*,*,#799,.T.);
#1080=ORIENTED_EDGE('',*,*,#831,.F.);
#1081=ORIENTED_EDGE('',*,*,#825,.T.);
#1082=ORIENTED_EDGE('',*,*,#832,.T.);
#1083=ORIENTED_EDGE('',*,*,#833,.T.);
#1084=ORIENTED_EDGE('',*,*,#834,.T.);
#1085=ORIENTED_EDGE('',*,*,#835,.T.);
#1086=ORIENTED_EDGE('',*,*,#831,.T.);
#1087=ORIENTED_EDGE('',*,*,#798,.T.);
#1088=ORIENTED_EDGE('',*,*,#771,.F.);
#1089=ORIENTED_EDGE('',*,*,#826,.T.);
#1090=ORIENTED_EDGE('',*,*,#828,.T.);
#1091=ORIENTED_EDGE('',*,*,#790,.T.);
#1092=ORIENTED_EDGE('',*,*,#806,.F.);
#1093=ORIENTED_EDGE('',*,*,#836,.T.);
#1094=ORIENTED_EDGE('',*,*,#836,.F.);
#1095=ORIENTED_EDGE('',*,*,#837,.T.);
#1096=ORIENTED_EDGE('',*,*,#838,.F.);
#1097=ORIENTED_EDGE('',*,*,#839,.T.);
#1098=ORIENTED_EDGE('',*,*,#840,.F.);
#1099=ORIENTED_EDGE('',*,*,#841,.T.);
#1100=ORIENTED_EDGE('',*,*,#842,.F.);
#1101=ORIENTED_EDGE('',*,*,#829,.F.);
#1102=ORIENTED_EDGE('',*,*,#830,.T.);
#1103=ORIENTED_EDGE('',*,*,#842,.T.);
#1104=ORIENTED_EDGE('',*,*,#816,.F.);
#1105=ORIENTED_EDGE('',*,*,#800,.T.);
#1106=ORIENTED_EDGE('',*,*,#843,.F.);
#1107=ORIENTED_EDGE('',*,*,#844,.T.);
#1108=ORIENTED_EDGE('',*,*,#845,.T.);
#1109=ORIENTED_EDGE('',*,*,#846,.T.);
#1110=ORIENTED_EDGE('',*,*,#843,.T.);
#1111=ORIENTED_EDGE('',*,*,#847,.T.);
#1112=ORIENTED_EDGE('',*,*,#848,.T.);
#1113=ORIENTED_EDGE('',*,*,#849,.F.);
#1114=ORIENTED_EDGE('',*,*,#850,.T.);
#1115=ORIENTED_EDGE('',*,*,#851,.T.);
#1116=ORIENTED_EDGE('',*,*,#852,.T.);
#1117=ORIENTED_EDGE('',*,*,#853,.T.);
#1118=ORIENTED_EDGE('',*,*,#854,.T.);
#1119=ORIENTED_EDGE('',*,*,#855,.T.);
#1120=ORIENTED_EDGE('',*,*,#856,.T.);
#1121=ORIENTED_EDGE('',*,*,#857,.T.);
#1122=ORIENTED_EDGE('',*,*,#846,.F.);
#1123=ORIENTED_EDGE('',*,*,#858,.F.);
#1124=ORIENTED_EDGE('',*,*,#859,.F.);
#1125=ORIENTED_EDGE('',*,*,#847,.F.);
#1126=ORIENTED_EDGE('',*,*,#852,.F.);
#1127=ORIENTED_EDGE('',*,*,#860,.T.);
#1128=ORIENTED_EDGE('',*,*,#861,.T.);
#1129=ORIENTED_EDGE('',*,*,#862,.T.);
#1130=ORIENTED_EDGE('',*,*,#860,.F.);
#1131=ORIENTED_EDGE('',*,*,#851,.F.);
#1132=ORIENTED_EDGE('',*,*,#863,.F.);
#1133=ORIENTED_EDGE('',*,*,#864,.F.);
#1134=ORIENTED_EDGE('',*,*,#848,.F.);
#1135=ORIENTED_EDGE('',*,*,#859,.T.);
#1136=ORIENTED_EDGE('',*,*,#865,.T.);
#1137=ORIENTED_EDGE('',*,*,#866,.T.);
#1138=ORIENTED_EDGE('',*,*,#866,.F.);
#1139=ORIENTED_EDGE('',*,*,#867,.T.);
#1140=ORIENTED_EDGE('',*,*,#868,.F.);
#1141=ORIENTED_EDGE('',*,*,#849,.T.);
#1142=ORIENTED_EDGE('',*,*,#850,.F.);
#1143=ORIENTED_EDGE('',*,*,#868,.T.);
#1144=ORIENTED_EDGE('',*,*,#869,.T.);
#1145=ORIENTED_EDGE('',*,*,#863,.T.);
#1146=ORIENTED_EDGE('',*,*,#870,.T.);
#1147=ORIENTED_EDGE('',*,*,#871,.T.);
#1148=ORIENTED_EDGE('',*,*,#872,.T.);
#1149=ORIENTED_EDGE('',*,*,#873,.T.);
#1150=ORIENTED_EDGE('',*,*,#871,.F.);
#1151=ORIENTED_EDGE('',*,*,#874,.F.);
#1152=ORIENTED_EDGE('',*,*,#875,.F.);
#1153=ORIENTED_EDGE('',*,*,#876,.T.);
#1154=ORIENTED_EDGE('',*,*,#870,.F.);
#1155=ORIENTED_EDGE('',*,*,#877,.T.);
#1156=ORIENTED_EDGE('',*,*,#878,.T.);
#1157=ORIENTED_EDGE('',*,*,#879,.T.);
#1158=ORIENTED_EDGE('',*,*,#880,.F.);
#1159=ORIENTED_EDGE('',*,*,#874,.T.);
#1160=ORIENTED_EDGE('',*,*,#881,.T.);
#1161=ORIENTED_EDGE('',*,*,#882,.T.);
#1162=ORIENTED_EDGE('',*,*,#883,.T.);
#1163=ORIENTED_EDGE('',*,*,#884,.T.);
#1164=ORIENTED_EDGE('',*,*,#882,.F.);
#1165=ORIENTED_EDGE('',*,*,#885,.F.);
#1166=ORIENTED_EDGE('',*,*,#886,.T.);
#1167=ORIENTED_EDGE('',*,*,#887,.T.);
#1168=ORIENTED_EDGE('',*,*,#797,.F.);
#1169=ORIENTED_EDGE('',*,*,#803,.T.);
#1170=ORIENTED_EDGE('',*,*,#819,.F.);
#1171=ORIENTED_EDGE('',*,*,#821,.T.);
#1172=ORIENTED_EDGE('',*,*,#822,.F.);
#1173=ORIENTED_EDGE('',*,*,#787,.T.);
#1174=ORIENTED_EDGE('',*,*,#793,.F.);
#1175=ORIENTED_EDGE('',*,*,#795,.T.);
#1176=ORIENTED_EDGE('',*,*,#888,.T.);
#1177=ORIENTED_EDGE('',*,*,#889,.T.);
#1178=ORIENTED_EDGE('',*,*,#890,.T.);
#1179=ORIENTED_EDGE('',*,*,#891,.T.);
#1180=ORIENTED_EDGE('',*,*,#892,.T.);
#1181=ORIENTED_EDGE('',*,*,#893,.T.);
#1182=ORIENTED_EDGE('',*,*,#894,.T.);
#1183=ORIENTED_EDGE('',*,*,#895,.T.);
#1184=ORIENTED_EDGE('',*,*,#896,.T.);
#1185=ORIENTED_EDGE('',*,*,#897,.T.);
#1186=ORIENTED_EDGE('',*,*,#898,.T.);
#1187=ORIENTED_EDGE('',*,*,#899,.T.);
#1188=ORIENTED_EDGE('',*,*,#881,.F.);
#1189=ORIENTED_EDGE('',*,*,#900,.T.);
#1190=ORIENTED_EDGE('',*,*,#901,.T.);
#1191=ORIENTED_EDGE('',*,*,#902,.T.);
#1192=ORIENTED_EDGE('',*,*,#903,.F.);
#1193=ORIENTED_EDGE('',*,*,#904,.T.);
#1194=ORIENTED_EDGE('',*,*,#905,.T.);
#1195=ORIENTED_EDGE('',*,*,#885,.T.);
#1196=ORIENTED_EDGE('',*,*,#880,.T.);
#1197=ORIENTED_EDGE('',*,*,#906,.T.);
#1198=ORIENTED_EDGE('',*,*,#907,.T.);
#1199=ORIENTED_EDGE('',*,*,#875,.T.);
#1200=ORIENTED_EDGE('',*,*,#908,.F.);
#1201=ORIENTED_EDGE('',*,*,#909,.T.);
#1202=ORIENTED_EDGE('',*,*,#903,.T.);
#1203=ORIENTED_EDGE('',*,*,#910,.T.);
#1204=ORIENTED_EDGE('',*,*,#908,.T.);
#1205=ORIENTED_EDGE('',*,*,#911,.F.);
#1206=ORIENTED_EDGE('',*,*,#912,.F.);
#1207=ORIENTED_EDGE('',*,*,#913,.F.);
#1208=ORIENTED_EDGE('',*,*,#883,.F.);
#1209=ORIENTED_EDGE('',*,*,#887,.F.);
#1210=ORIENTED_EDGE('',*,*,#914,.F.);
#1211=ORIENTED_EDGE('',*,*,#915,.F.);
#1212=ORIENTED_EDGE('',*,*,#916,.F.);
#1213=ORIENTED_EDGE('',*,*,#872,.F.);
#1214=ORIENTED_EDGE('',*,*,#876,.F.);
#1215=ORIENTED_EDGE('',*,*,#907,.F.);
#1216=ORIENTED_EDGE('',*,*,#917,.F.);
#1217=ORIENTED_EDGE('',*,*,#918,.F.);
#1218=ORIENTED_EDGE('',*,*,#919,.F.);
#1219=ORIENTED_EDGE('',*,*,#920,.F.);
#1220=ORIENTED_EDGE('',*,*,#910,.F.);
#1221=ORIENTED_EDGE('',*,*,#902,.F.);
#1222=ORIENTED_EDGE('',*,*,#921,.T.);
#1223=ORIENTED_EDGE('',*,*,#922,.F.);
#1224=ORIENTED_EDGE('',*,*,#923,.T.);
#1225=ORIENTED_EDGE('',*,*,#832,.F.);
#1226=ORIENTED_EDGE('',*,*,#924,.F.);
#1227=ORIENTED_EDGE('',*,*,#911,.T.);
#1228=ORIENTED_EDGE('',*,*,#925,.F.);
#1229=ORIENTED_EDGE('',*,*,#921,.F.);
#1230=ORIENTED_EDGE('',*,*,#901,.F.);
#1231=ORIENTED_EDGE('',*,*,#926,.F.);
#1232=ORIENTED_EDGE('',*,*,#925,.T.);
#1233=ORIENTED_EDGE('',*,*,#927,.T.);
#1234=ORIENTED_EDGE('',*,*,#928,.T.);
#1235=ORIENTED_EDGE('',*,*,#929,.T.);
#1236=ORIENTED_EDGE('',*,*,#930,.T.);
#1237=ORIENTED_EDGE('',*,*,#922,.T.);
#1238=ORIENTED_EDGE('',*,*,#931,.T.);
#1239=ORIENTED_EDGE('',*,*,#932,.T.);
#1240=ORIENTED_EDGE('',*,*,#933,.T.);
#1241=ORIENTED_EDGE('',*,*,#934,.T.);
#1242=ORIENTED_EDGE('',*,*,#935,.T.);
#1243=ORIENTED_EDGE('',*,*,#936,.T.);
#1244=ORIENTED_EDGE('',*,*,#937,.T.);
#1245=ORIENTED_EDGE('',*,*,#938,.T.);
#1246=ORIENTED_EDGE('',*,*,#884,.F.);
#1247=ORIENTED_EDGE('',*,*,#913,.T.);
#1248=ORIENTED_EDGE('',*,*,#939,.F.);
#1249=ORIENTED_EDGE('',*,*,#927,.F.);
#1250=ORIENTED_EDGE('',*,*,#926,.T.);
#1251=ORIENTED_EDGE('',*,*,#900,.F.);
#1252=ORIENTED_EDGE('',*,*,#873,.F.);
#1253=ORIENTED_EDGE('',*,*,#916,.T.);
#1254=ORIENTED_EDGE('',*,*,#940,.T.);
#1255=ORIENTED_EDGE('',*,*,#877,.F.);
#1256=ORIENTED_EDGE('',*,*,#909,.F.);
#1257=ORIENTED_EDGE('',*,*,#920,.T.);
#1258=ORIENTED_EDGE('',*,*,#941,.F.);
#1259=ORIENTED_EDGE('',*,*,#904,.F.);
#1260=ORIENTED_EDGE('',*,*,#906,.F.);
#1261=ORIENTED_EDGE('',*,*,#879,.F.);
#1262=ORIENTED_EDGE('',*,*,#942,.T.);
#1263=ORIENTED_EDGE('',*,*,#917,.T.);
#1264=ORIENTED_EDGE('',*,*,#844,.F.);
#1265=ORIENTED_EDGE('',*,*,#853,.F.);
#1266=ORIENTED_EDGE('',*,*,#862,.F.);
#1267=ORIENTED_EDGE('',*,*,#943,.F.);
#1268=ORIENTED_EDGE('',*,*,#915,.T.);
#1269=ORIENTED_EDGE('',*,*,#944,.F.);
#1270=ORIENTED_EDGE('',*,*,#945,.F.);
#1271=ORIENTED_EDGE('',*,*,#946,.T.);
#1272=ORIENTED_EDGE('',*,*,#878,.F.);
#1273=ORIENTED_EDGE('',*,*,#940,.F.);
#1274=ORIENTED_EDGE('',*,*,#946,.F.);
#1275=ORIENTED_EDGE('',*,*,#947,.F.);
#1276=ORIENTED_EDGE('',*,*,#948,.F.);
#1277=ORIENTED_EDGE('',*,*,#942,.F.);
#1278=ORIENTED_EDGE('',*,*,#918,.T.);
#1279=ORIENTED_EDGE('',*,*,#948,.T.);
#1280=ORIENTED_EDGE('',*,*,#949,.F.);
#1281=ORIENTED_EDGE('',*,*,#950,.T.);
#1282=ORIENTED_EDGE('',*,*,#905,.F.);
#1283=ORIENTED_EDGE('',*,*,#941,.T.);
#1284=ORIENTED_EDGE('',*,*,#919,.T.);
#1285=ORIENTED_EDGE('',*,*,#950,.F.);
#1286=ORIENTED_EDGE('',*,*,#951,.F.);
#1287=ORIENTED_EDGE('',*,*,#944,.T.);
#1288=ORIENTED_EDGE('',*,*,#914,.T.);
#1289=ORIENTED_EDGE('',*,*,#886,.F.);
#1290=ORIENTED_EDGE('',*,*,#952,.F.);
#1291=ORIENTED_EDGE('',*,*,#953,.F.);
#1292=ORIENTED_EDGE('',*,*,#954,.F.);
#1293=ORIENTED_EDGE('',*,*,#897,.F.);
#1294=ORIENTED_EDGE('',*,*,#954,.T.);
#1295=ORIENTED_EDGE('',*,*,#955,.F.);
#1296=ORIENTED_EDGE('',*,*,#956,.F.);
#1297=ORIENTED_EDGE('',*,*,#898,.F.);
#1298=ORIENTED_EDGE('',*,*,#956,.T.);
#1299=ORIENTED_EDGE('',*,*,#957,.F.);
#1300=ORIENTED_EDGE('',*,*,#958,.F.);
#1301=ORIENTED_EDGE('',*,*,#899,.F.);
#1302=ORIENTED_EDGE('',*,*,#958,.T.);
#1303=ORIENTED_EDGE('',*,*,#959,.F.);
#1304=ORIENTED_EDGE('',*,*,#952,.T.);
#1305=ORIENTED_EDGE('',*,*,#896,.F.);
#1306=ORIENTED_EDGE('',*,*,#783,.F.);
#1307=ORIENTED_EDGE('',*,*,#827,.F.);
#1308=ORIENTED_EDGE('',*,*,#770,.F.);
#1309=ORIENTED_EDGE('',*,*,#774,.F.);
#1310=ORIENTED_EDGE('',*,*,#777,.F.);
#1311=ORIENTED_EDGE('',*,*,#780,.F.);
#1312=ORIENTED_EDGE('',*,*,#959,.T.);
#1313=ORIENTED_EDGE('',*,*,#957,.T.);
#1314=ORIENTED_EDGE('',*,*,#955,.T.);
#1315=ORIENTED_EDGE('',*,*,#953,.T.);
#1316=ORIENTED_EDGE('',*,*,#960,.F.);
#1317=ORIENTED_EDGE('',*,*,#857,.F.);
#1318=ORIENTED_EDGE('',*,*,#961,.F.);
#1319=ORIENTED_EDGE('',*,*,#893,.F.);
#1320=ORIENTED_EDGE('',*,*,#961,.T.);
#1321=ORIENTED_EDGE('',*,*,#856,.F.);
#1322=ORIENTED_EDGE('',*,*,#962,.F.);
#1323=ORIENTED_EDGE('',*,*,#894,.F.);
#1324=ORIENTED_EDGE('',*,*,#962,.T.);
#1325=ORIENTED_EDGE('',*,*,#855,.F.);
#1326=ORIENTED_EDGE('',*,*,#963,.F.);
#1327=ORIENTED_EDGE('',*,*,#895,.F.);
#1328=ORIENTED_EDGE('',*,*,#963,.T.);
#1329=ORIENTED_EDGE('',*,*,#854,.F.);
#1330=ORIENTED_EDGE('',*,*,#960,.T.);
#1331=ORIENTED_EDGE('',*,*,#892,.F.);
#1332=ORIENTED_EDGE('',*,*,#964,.F.);
#1333=ORIENTED_EDGE('',*,*,#839,.F.);
#1334=ORIENTED_EDGE('',*,*,#965,.F.);
#1335=ORIENTED_EDGE('',*,*,#966,.F.);
#1336=ORIENTED_EDGE('',*,*,#840,.T.);
#1337=ORIENTED_EDGE('',*,*,#964,.T.);
#1338=ORIENTED_EDGE('',*,*,#967,.T.);
#1339=ORIENTED_EDGE('',*,*,#968,.T.);
#1340=ORIENTED_EDGE('',*,*,#838,.T.);
#1341=ORIENTED_EDGE('',*,*,#969,.T.);
#1342=ORIENTED_EDGE('',*,*,#970,.T.);
#1343=ORIENTED_EDGE('',*,*,#965,.T.);
#1344=ORIENTED_EDGE('',*,*,#817,.F.);
#1345=ORIENTED_EDGE('',*,*,#841,.F.);
#1346=ORIENTED_EDGE('',*,*,#968,.F.);
#1347=ORIENTED_EDGE('',*,*,#971,.F.);
#1348=ORIENTED_EDGE('',*,*,#969,.F.);
#1349=ORIENTED_EDGE('',*,*,#837,.F.);
#1350=ORIENTED_EDGE('',*,*,#805,.F.);
#1351=ORIENTED_EDGE('',*,*,#808,.F.);
#1352=ORIENTED_EDGE('',*,*,#811,.F.);
#1353=ORIENTED_EDGE('',*,*,#814,.F.);
#1354=ORIENTED_EDGE('',*,*,#949,.T.);
#1355=ORIENTED_EDGE('',*,*,#947,.T.);
#1356=ORIENTED_EDGE('',*,*,#945,.T.);
#1357=ORIENTED_EDGE('',*,*,#951,.T.);
#1358=ORIENTED_EDGE('',*,*,#865,.F.);
#1359=ORIENTED_EDGE('',*,*,#858,.T.);
#1360=ORIENTED_EDGE('',*,*,#845,.F.);
#1361=ORIENTED_EDGE('',*,*,#943,.T.);
#1362=ORIENTED_EDGE('',*,*,#861,.F.);
#1363=ORIENTED_EDGE('',*,*,#864,.T.);
#1364=ORIENTED_EDGE('',*,*,#869,.F.);
#1365=ORIENTED_EDGE('',*,*,#867,.F.);
#1366=ORIENTED_EDGE('',*,*,#972,.F.);
#1367=ORIENTED_EDGE('',*,*,#973,.T.);
#1368=ORIENTED_EDGE('',*,*,#938,.F.);
#1369=ORIENTED_EDGE('',*,*,#973,.F.);
#1370=ORIENTED_EDGE('',*,*,#972,.T.);
#1371=ORIENTED_EDGE('',*,*,#974,.F.);
#1372=ORIENTED_EDGE('',*,*,#975,.T.);
#1373=ORIENTED_EDGE('',*,*,#937,.F.);
#1374=ORIENTED_EDGE('',*,*,#975,.F.);
#1375=ORIENTED_EDGE('',*,*,#974,.T.);
#1376=ORIENTED_EDGE('',*,*,#976,.F.);
#1377=ORIENTED_EDGE('',*,*,#977,.T.);
#1378=ORIENTED_EDGE('',*,*,#936,.F.);
#1379=ORIENTED_EDGE('',*,*,#977,.F.);
#1380=ORIENTED_EDGE('',*,*,#976,.T.);
#1381=ORIENTED_EDGE('',*,*,#978,.F.);
#1382=ORIENTED_EDGE('',*,*,#979,.T.);
#1383=ORIENTED_EDGE('',*,*,#935,.F.);
#1384=ORIENTED_EDGE('',*,*,#979,.F.);
#1385=ORIENTED_EDGE('',*,*,#978,.T.);
#1386=ORIENTED_EDGE('',*,*,#890,.F.);
#1387=ORIENTED_EDGE('',*,*,#980,.T.);
#1388=ORIENTED_EDGE('',*,*,#933,.F.);
#1389=ORIENTED_EDGE('',*,*,#981,.F.);
#1390=ORIENTED_EDGE('',*,*,#891,.F.);
#1391=ORIENTED_EDGE('',*,*,#981,.T.);
#1392=ORIENTED_EDGE('',*,*,#932,.F.);
#1393=ORIENTED_EDGE('',*,*,#982,.F.);
#1394=ORIENTED_EDGE('',*,*,#888,.F.);
#1395=ORIENTED_EDGE('',*,*,#982,.T.);
#1396=ORIENTED_EDGE('',*,*,#931,.F.);
#1397=ORIENTED_EDGE('',*,*,#983,.F.);
#1398=ORIENTED_EDGE('',*,*,#889,.F.);
#1399=ORIENTED_EDGE('',*,*,#983,.T.);
#1400=ORIENTED_EDGE('',*,*,#934,.F.);
#1401=ORIENTED_EDGE('',*,*,#980,.F.);
#1402=ORIENTED_EDGE('',*,*,#912,.T.);
#1403=ORIENTED_EDGE('',*,*,#924,.T.);
#1404=ORIENTED_EDGE('',*,*,#835,.F.);
#1405=ORIENTED_EDGE('',*,*,#984,.F.);
#1406=ORIENTED_EDGE('',*,*,#928,.F.);
#1407=ORIENTED_EDGE('',*,*,#939,.T.);
#1408=ORIENTED_EDGE('',*,*,#966,.T.);
#1409=ORIENTED_EDGE('',*,*,#970,.F.);
#1410=ORIENTED_EDGE('',*,*,#971,.T.);
#1411=ORIENTED_EDGE('',*,*,#967,.F.);
#1412=ORIENTED_EDGE('',*,*,#929,.F.);
#1413=ORIENTED_EDGE('',*,*,#984,.T.);
#1414=ORIENTED_EDGE('',*,*,#834,.F.);
#1415=ORIENTED_EDGE('',*,*,#985,.F.);
#1416=ORIENTED_EDGE('',*,*,#930,.F.);
#1417=ORIENTED_EDGE('',*,*,#985,.T.);
#1418=ORIENTED_EDGE('',*,*,#833,.F.);
#1419=ORIENTED_EDGE('',*,*,#923,.F.);
#1420=CYLINDRICAL_SURFACE('',#1557,0.8);
#1421=CYLINDRICAL_SURFACE('',#1564,0.8);
#1422=CYLINDRICAL_SURFACE('',#1570,0.8);
#1423=CYLINDRICAL_SURFACE('',#1573,4.);
#1424=CYLINDRICAL_SURFACE('',#1576,4.);
#1425=CYLINDRICAL_SURFACE('',#1579,0.8);
#1426=CYLINDRICAL_SURFACE('',#1586,0.8);
#1427=CYLINDRICAL_SURFACE('',#1592,0.8);
#1428=CYLINDRICAL_SURFACE('',#1594,4.);
#1429=CYLINDRICAL_SURFACE('',#1597,4.);
#1430=CYLINDRICAL_SURFACE('',#1599,0.8);
#1431=CYLINDRICAL_SURFACE('',#1606,0.8);
#1432=CYLINDRICAL_SURFACE('',#1607,0.8);
#1433=CYLINDRICAL_SURFACE('',#1611,0.8);
#1434=CYLINDRICAL_SURFACE('',#1612,4.);
#1435=CYLINDRICAL_SURFACE('',#1622,4.);
#1436=CYLINDRICAL_SURFACE('',#1625,4.);
#1437=CYLINDRICAL_SURFACE('',#1628,4.);
#1438=CYLINDRICAL_SURFACE('',#1630,2.);
#1439=CYLINDRICAL_SURFACE('',#1636,2.);
#1440=CYLINDRICAL_SURFACE('',#1646,2.);
#1441=CYLINDRICAL_SURFACE('',#1648,2.);
#1442=CYLINDRICAL_SURFACE('',#1667,1.5);
#1443=CYLINDRICAL_SURFACE('',#1670,3.25);
#1444=CYLINDRICAL_SURFACE('',#1674,3.25000000000002);
#1445=CYLINDRICAL_SURFACE('',#1676,1.50000000000002);
#1446=CYLINDRICAL_SURFACE('',#1679,2.);
#1447=CYLINDRICAL_SURFACE('',#1681,2.);
#1448=CYLINDRICAL_SURFACE('',#1684,1.);
#1449=CYLINDRICAL_SURFACE('',#1687,1.);
#1450=CYLINDRICAL_SURFACE('',#1690,1.);
#1451=CYLINDRICAL_SURFACE('',#1693,1.);
#1452=ADVANCED_FACE('',(#80),#1420,.T.);
#1453=ADVANCED_FACE('',(#81),#76,.T.);
#1454=ADVANCED_FACE('',(#82),#1421,.T.);
#1455=ADVANCED_FACE('',(#83),#77,.T.);
#1456=ADVANCED_FACE('',(#84),#1422,.T.);
#1457=ADVANCED_FACE('',(#85),#30,.T.);
#1458=ADVANCED_FACE('',(#86),#1423,.T.);
#1459=ADVANCED_FACE('',(#87),#31,.T.);
#1460=ADVANCED_FACE('',(#88),#1424,.T.);
#1461=ADVANCED_FACE('',(#89),#32,.T.);
#1462=ADVANCED_FACE('',(#90),#1425,.T.);
#1463=ADVANCED_FACE('',(#91),#78,.T.);
#1464=ADVANCED_FACE('',(#92),#1426,.T.);
#1465=ADVANCED_FACE('',(#93),#79,.T.);
#1466=ADVANCED_FACE('',(#94),#1427,.T.);
#1467=ADVANCED_FACE('',(#95),#1428,.T.);
#1468=ADVANCED_FACE('',(#96),#33,.T.);
#1469=ADVANCED_FACE('',(#97),#1429,.T.);
#1470=ADVANCED_FACE('',(#98),#1430,.T.);
#1471=ADVANCED_FACE('',(#99),#34,.T.);
#1472=ADVANCED_FACE('',(#100,#15),#35,.T.);
#1473=ADVANCED_FACE('',(#101),#1431,.T.);
#1474=ADVANCED_FACE('',(#102),#1432,.T.);
#1475=ADVANCED_FACE('',(#103),#36,.T.);
#1476=ADVANCED_FACE('',(#104),#1433,.T.);
#1477=ADVANCED_FACE('',(#105),#1434,.F.);
#1478=ADVANCED_FACE('',(#106,#16),#37,.T.);
#1479=ADVANCED_FACE('',(#107),#38,.T.);
#1480=ADVANCED_FACE('',(#108),#1435,.F.);
#1481=ADVANCED_FACE('',(#109),#39,.T.);
#1482=ADVANCED_FACE('',(#110),#1436,.F.);
#1483=ADVANCED_FACE('',(#111),#40,.T.);
#1484=ADVANCED_FACE('',(#112),#1437,.F.);
#1485=ADVANCED_FACE('',(#113),#1438,.T.);
#1486=ADVANCED_FACE('',(#114),#41,.F.);
#1487=ADVANCED_FACE('',(#115),#42,.T.);
#1488=ADVANCED_FACE('',(#116),#1439,.T.);
#1489=ADVANCED_FACE('',(#117),#43,.F.);
#1490=ADVANCED_FACE('',(#118,#17,#18,#19,#20),#44,.T.);
#1491=ADVANCED_FACE('',(#119),#1440,.T.);
#1492=ADVANCED_FACE('',(#120),#1441,.F.);
#1493=ADVANCED_FACE('',(#121),#45,.F.);
#1494=ADVANCED_FACE('',(#122),#46,.F.);
#1495=ADVANCED_FACE('',(#123),#47,.F.);
#1496=ADVANCED_FACE('',(#124,#21,#22,#23,#24,#25),#48,.T.);
#1497=ADVANCED_FACE('',(#125),#49,.F.);
#1498=ADVANCED_FACE('',(#126),#50,.F.);
#1499=ADVANCED_FACE('',(#127),#51,.F.);
#1500=ADVANCED_FACE('',(#128),#52,.F.);
#1501=ADVANCED_FACE('',(#129),#53,.T.);
#1502=ADVANCED_FACE('',(#130),#54,.F.);
#1503=ADVANCED_FACE('',(#131),#55,.F.);
#1504=ADVANCED_FACE('',(#132),#56,.F.);
#1505=ADVANCED_FACE('',(#133),#57,.F.);
#1506=ADVANCED_FACE('',(#134),#1442,.F.);
#1507=ADVANCED_FACE('',(#135),#58,.T.);
#1508=ADVANCED_FACE('',(#136),#1443,.F.);
#1509=ADVANCED_FACE('',(#137),#59,.T.);
#1510=ADVANCED_FACE('',(#138,#26),#60,.T.);
#1511=ADVANCED_FACE('',(#139),#1444,.F.);
#1512=ADVANCED_FACE('',(#140),#61,.T.);
#1513=ADVANCED_FACE('',(#141),#1445,.F.);
#1514=ADVANCED_FACE('',(#142),#62,.T.);
#1515=ADVANCED_FACE('',(#143),#63,.F.);
#1516=ADVANCED_FACE('',(#144),#1446,.F.);
#1517=ADVANCED_FACE('',(#145),#1447,.F.);
#1518=ADVANCED_FACE('',(#146,#27,#28),#64,.F.);
#1519=ADVANCED_FACE('',(#147),#1448,.T.);
#1520=ADVANCED_FACE('',(#148),#65,.T.);
#1521=ADVANCED_FACE('',(#149),#1449,.T.);
#1522=ADVANCED_FACE('',(#150),#66,.T.);
#1523=ADVANCED_FACE('',(#151),#1450,.T.);
#1524=ADVANCED_FACE('',(#152),#67,.T.);
#1525=ADVANCED_FACE('',(#153),#1451,.T.);
#1526=ADVANCED_FACE('',(#154),#68,.T.);
#1527=ADVANCED_FACE('',(#155),#69,.F.);
#1528=ADVANCED_FACE('',(#156),#70,.F.);
#1529=ADVANCED_FACE('',(#157),#71,.F.);
#1530=ADVANCED_FACE('',(#158),#72,.F.);
#1531=ADVANCED_FACE('',(#159,#29),#73,.T.);
#1532=ADVANCED_FACE('',(#160),#74,.T.);
#1533=ADVANCED_FACE('',(#161),#75,.T.);
#1534=CLOSED_SHELL('',(#1452,#1453,#1454,#1455,#1456,#1457,#1458,#1459,
#1460,#1461,#1462,#1463,#1464,#1465,#1466,#1467,#1468,#1469,#1470,#1471,
#1472,#1473,#1474,#1475,#1476,#1477,#1478,#1479,#1480,#1481,#1482,#1483,
#1484,#1485,#1486,#1487,#1488,#1489,#1490,#1491,#1492,#1493,#1494,#1495,
#1496,#1497,#1498,#1499,#1500,#1501,#1502,#1503,#1504,#1505,#1506,#1507,
#1508,#1509,#1510,#1511,#1512,#1513,#1514,#1515,#1516,#1517,#1518,#1519,
#1520,#1521,#1522,#1523,#1524,#1525,#1526,#1527,#1528,#1529,#1530,#1531,
#1532,#1533));
#1535=DERIVED_UNIT_ELEMENT(#1538,1.);
#1536=DERIVED_UNIT_ELEMENT(#2595,-3.);
#1537=DIMENSIONAL_EXPONENTS(0.,1.,0.,0.,0.,0.,0.);
#1538=(
CONVERSION_BASED_UNIT('gram',#1540)
MASS_UNIT()
NAMED_UNIT(#1537)
);
#1539=(
MASS_UNIT()
NAMED_UNIT(*)
SI_UNIT(.KILO.,.GRAM.)
);
#1540=MASS_MEASURE_WITH_UNIT(MASS_MEASURE(0.001),#1539);
#1541=DERIVED_UNIT((#1535,#1536));
#1542=MEASURE_REPRESENTATION_ITEM('density measure',
POSITIVE_RATIO_MEASURE(7.85),#1541);
#1543=PROPERTY_DEFINITION_REPRESENTATION(#1548,#1545);
#1544=PROPERTY_DEFINITION_REPRESENTATION(#1549,#1546);
#1545=REPRESENTATION('material name',(#1547),#2592);
#1546=REPRESENTATION('density',(#1542),#2592);
#1547=DESCRIPTIVE_REPRESENTATION_ITEM('Stahl S235JR','Stahl S235JR');
#1548=PROPERTY_DEFINITION('material property','material name',#2602);
#1549=PROPERTY_DEFINITION('material property','density of part',#2602);
#1550=DATE_TIME_ROLE('creation_date');
#1551=APPLIED_DATE_AND_TIME_ASSIGNMENT(#1552,#1550,(#2602));
#1552=DATE_AND_TIME(#1553,#1554);
#1553=CALENDAR_DATE(2025,13,8);
#1554=LOCAL_TIME(0,0,0.,#1555);
#1555=COORDINATED_UNIVERSAL_TIME_OFFSET(0,0,.BEHIND.);
#1556=AXIS2_PLACEMENT_3D('',#2150,#1703,#1704);
#1557=AXIS2_PLACEMENT_3D('',#2151,#1705,#1706);
#1558=AXIS2_PLACEMENT_3D('',#2154,#1707,#1708);
#1559=AXIS2_PLACEMENT_3D('',#2158,#1710,#1711);
#1560=AXIS2_PLACEMENT_3D('',#2160,#1713,#1714);
#1561=AXIS2_PLACEMENT_3D('',#2163,#1715,#1716);
#1562=AXIS2_PLACEMENT_3D('',#2164,#1717,#1718);
#1563=AXIS2_PLACEMENT_3D('',#2165,#1719,#1720);
#1564=AXIS2_PLACEMENT_3D('',#2166,#1721,#1722);
#1565=AXIS2_PLACEMENT_3D('',#2169,#1723,#1724);
#1566=AXIS2_PLACEMENT_3D('',#2172,#1727,#1728);
#1567=AXIS2_PLACEMENT_3D('',#2175,#1729,#1730);
#1568=AXIS2_PLACEMENT_3D('',#2176,#1731,#1732);
#1569=AXIS2_PLACEMENT_3D('',#2177,#1733,#1734);
#1570=AXIS2_PLACEMENT_3D('',#2178,#1735,#1736);
#1571=AXIS2_PLACEMENT_3D('',#2181,#1737,#1738);
#1572=AXIS2_PLACEMENT_3D('',#2184,#1741,#1742);
#1573=AXIS2_PLACEMENT_3D('',#2198,#1750,#1751);
#1574=AXIS2_PLACEMENT_3D('',#2201,#1753,#1754);
#1575=AXIS2_PLACEMENT_3D('',#2202,#1755,#1756);
#1576=AXIS2_PLACEMENT_3D('',#2206,#1759,#1760);
#1577=AXIS2_PLACEMENT_3D('',#2209,#1762,#1763);
#1578=AXIS2_PLACEMENT_3D('',#2210,#1764,#1765);
#1579=AXIS2_PLACEMENT_3D('',#2222,#1772,#1773);
#1580=AXIS2_PLACEMENT_3D('',#2224,#1774,#1775);
#1581=AXIS2_PLACEMENT_3D('',#2227,#1777,#1778);
#1582=AXIS2_PLACEMENT_3D('',#2228,#1779,#1780);
#1583=AXIS2_PLACEMENT_3D('',#2231,#1781,#1782);
#1584=AXIS2_PLACEMENT_3D('',#2232,#1783,#1784);
#1585=AXIS2_PLACEMENT_3D('',#2233,#1785,#1786);
#1586=AXIS2_PLACEMENT_3D('',#2234,#1787,#1788);
#1587=AXIS2_PLACEMENT_3D('',#2237,#1789,#1790);
#1588=AXIS2_PLACEMENT_3D('',#2240,#1793,#1794);
#1589=AXIS2_PLACEMENT_3D('',#2242,#1795,#1796);
#1590=AXIS2_PLACEMENT_3D('',#2243,#1797,#1798);
#1591=AXIS2_PLACEMENT_3D('',#2244,#1799,#1800);
#1592=AXIS2_PLACEMENT_3D('',#2245,#1801,#1802);
#1593=AXIS2_PLACEMENT_3D('',#2247,#1803,#1804);
#1594=AXIS2_PLACEMENT_3D('',#2249,#1806,#1807);
#1595=AXIS2_PLACEMENT_3D('',#2252,#1809,#1810);
#1596=AXIS2_PLACEMENT_3D('',#2253,#1811,#1812);
#1597=AXIS2_PLACEMENT_3D('',#2257,#1815,#1816);
#1598=AXIS2_PLACEMENT_3D('',#2258,#1817,#1818);
#1599=AXIS2_PLACEMENT_3D('',#2259,#1819,#1820);
#1600=AXIS2_PLACEMENT_3D('',#2261,#1821,#1822);
#1601=AXIS2_PLACEMENT_3D('',#2263,#1824,#1825);
#1602=AXIS2_PLACEMENT_3D('',#2268,#1829,#1830);
#1603=AXIS2_PLACEMENT_3D('',#2270,#1831,#1832);
#1604=AXIS2_PLACEMENT_3D('',#2273,#1834,#1835);
#1605=AXIS2_PLACEMENT_3D('',#2274,#1836,#1837);
#1606=AXIS2_PLACEMENT_3D('',#2283,#1842,#1843);
#1607=AXIS2_PLACEMENT_3D('',#2284,#1844,#1845);
#1608=AXIS2_PLACEMENT_3D('',#2286,#1847,#1848);
#1609=AXIS2_PLACEMENT_3D('',#2290,#1850,#1851);
#1610=AXIS2_PLACEMENT_3D('',#2294,#1853,#1854);
#1611=AXIS2_PLACEMENT_3D('',#2297,#1857,#1858);
#1612=AXIS2_PLACEMENT_3D('',#2298,#1859,#1860);
#1613=AXIS2_PLACEMENT_3D('',#2301,#1861,#1862);
#1614=AXIS2_PLACEMENT_3D('',#2305,#1864,#1865);
#1615=AXIS2_PLACEMENT_3D('',#2307,#1867,#1868);
#1616=AXIS2_PLACEMENT_3D('',#2311,#1870,#1871);
#1617=AXIS2_PLACEMENT_3D('',#2315,#1873,#1874);
#1618=AXIS2_PLACEMENT_3D('',#2319,#1876,#1877);
#1619=AXIS2_PLACEMENT_3D('',#2325,#1880,#1881);
#1620=AXIS2_PLACEMENT_3D('',#2328,#1883,#1884);
#1621=AXIS2_PLACEMENT_3D('',#2329,#1885,#1886);
#1622=AXIS2_PLACEMENT_3D('',#2333,#1889,#1890);
#1623=AXIS2_PLACEMENT_3D('',#2337,#1892,#1893);
#1624=AXIS2_PLACEMENT_3D('',#2339,#1895,#1896);
#1625=AXIS2_PLACEMENT_3D('',#2343,#1899,#1900);
#1626=AXIS2_PLACEMENT_3D('',#2345,#1901,#1902);
#1627=AXIS2_PLACEMENT_3D('',#2347,#1904,#1905);
#1628=AXIS2_PLACEMENT_3D('',#2351,#1908,#1909);
#1629=AXIS2_PLACEMENT_3D('',#2352,#1910,#1911);
#1630=AXIS2_PLACEMENT_3D('',#2353,#1912,#1913);
#1631=AXIS2_PLACEMENT_3D('',#2356,#1914,#1915);
#1632=AXIS2_PLACEMENT_3D('',#2360,#1917,#1918);
#1633=AXIS2_PLACEMENT_3D('',#2362,#1920,#1921);
#1634=AXIS2_PLACEMENT_3D('',#2368,#1925,#1926);
#1635=AXIS2_PLACEMENT_3D('',#2375,#1930,#1931);
#1636=AXIS2_PLACEMENT_3D('',#2376,#1932,#1933);
#1637=AXIS2_PLACEMENT_3D('',#2379,#1934,#1935);
#1638=AXIS2_PLACEMENT_3D('',#2383,#1937,#1938);
#1639=AXIS2_PLACEMENT_3D('',#2385,#1940,#1941);
#1640=AXIS2_PLACEMENT_3D('',#2391,#1945,#1946);
#1641=AXIS2_PLACEMENT_3D('',#2404,#1952,#1953);
#1642=AXIS2_PLACEMENT_3D('',#2407,#1955,#1956);
#1643=AXIS2_PLACEMENT_3D('',#2412,#1958,#1959);
#1644=AXIS2_PLACEMENT_3D('',#2415,#1961,#1962);
#1645=AXIS2_PLACEMENT_3D('',#2423,#1966,#1967);
#1646=AXIS2_PLACEMENT_3D('',#2427,#1970,#1971);
#1647=AXIS2_PLACEMENT_3D('',#2430,#1973,#1974);
#1648=AXIS2_PLACEMENT_3D('',#2431,#1975,#1976);
#1649=AXIS2_PLACEMENT_3D('',#2434,#1977,#1978);
#1650=AXIS2_PLACEMENT_3D('',#2437,#1981,#1982);
#1651=AXIS2_PLACEMENT_3D('',#2455,#1993,#1994);
#1652=AXIS2_PLACEMENT_3D('',#2462,#1999,#2000);
#1653=AXIS2_PLACEMENT_3D('',#2466,#2003,#2004);
#1654=AXIS2_PLACEMENT_3D('',#2483,#2013,#2014);
#1655=AXIS2_PLACEMENT_3D('',#2485,#2015,#2016);
#1656=AXIS2_PLACEMENT_3D('',#2487,#2017,#2018);
#1657=AXIS2_PLACEMENT_3D('',#2489,#2019,#2020);
#1658=AXIS2_PLACEMENT_3D('',#2490,#2021,#2022);
#1659=AXIS2_PLACEMENT_3D('',#2492,#2024,#2025);
#1660=AXIS2_PLACEMENT_3D('',#2494,#2027,#2028);
#1661=AXIS2_PLACEMENT_3D('',#2496,#2030,#2031);
#1662=AXIS2_PLACEMENT_3D('',#2498,#2033,#2034);
#1663=AXIS2_PLACEMENT_3D('',#2500,#2036,#2037);
#1664=AXIS2_PLACEMENT_3D('',#2506,#2041,#2042);
#1665=AXIS2_PLACEMENT_3D('',#2510,#2045,#2046);
#1666=AXIS2_PLACEMENT_3D('',#2514,#2049,#2050);
#1667=AXIS2_PLACEMENT_3D('',#2516,#2052,#2053);
#1668=AXIS2_PLACEMENT_3D('',#2520,#2055,#2056);
#1669=AXIS2_PLACEMENT_3D('',#2522,#2058,#2059);
#1670=AXIS2_PLACEMENT_3D('',#2526,#2062,#2063);
#1671=AXIS2_PLACEMENT_3D('',#2528,#2064,#2065);
#1672=AXIS2_PLACEMENT_3D('',#2530,#2067,#2068);
#1673=AXIS2_PLACEMENT_3D('',#2532,#2070,#2071);
#1674=AXIS2_PLACEMENT_3D('',#2533,#2072,#2073);
#1675=AXIS2_PLACEMENT_3D('',#2536,#2076,#2077);
#1676=AXIS2_PLACEMENT_3D('',#2538,#2079,#2080);
#1677=AXIS2_PLACEMENT_3D('',#2540,#2082,#2083);
#1678=AXIS2_PLACEMENT_3D('',#2541,#2084,#2085);
#1679=AXIS2_PLACEMENT_3D('',#2547,#2089,#2090);
#1680=AXIS2_PLACEMENT_3D('',#2549,#2091,#2092);
#1681=AXIS2_PLACEMENT_3D('',#2551,#2094,#2095);
#1682=AXIS2_PLACEMENT_3D('',#2554,#2097,#2098);
#1683=AXIS2_PLACEMENT_3D('',#2555,#2099,#2100);
#1684=AXIS2_PLACEMENT_3D('',#2557,#2102,#2103);
#1685=AXIS2_PLACEMENT_3D('',#2559,#2104,#2105);
#1686=AXIS2_PLACEMENT_3D('',#2561,#2107,#2108);
#1687=AXIS2_PLACEMENT_3D('',#2562,#2109,#2110);
#1688=AXIS2_PLACEMENT_3D('',#2564,#2111,#2112);
#1689=AXIS2_PLACEMENT_3D('',#2566,#2114,#2115);
#1690=AXIS2_PLACEMENT_3D('',#2567,#2116,#2117);
#1691=AXIS2_PLACEMENT_3D('',#2569,#2118,#2119);
#1692=AXIS2_PLACEMENT_3D('',#2571,#2121,#2122);
#1693=AXIS2_PLACEMENT_3D('',#2572,#2123,#2124);
#1694=AXIS2_PLACEMENT_3D('',#2574,#2125,#2126);
#1695=AXIS2_PLACEMENT_3D('',#2576,#2128,#2129);
#1696=AXIS2_PLACEMENT_3D('',#2577,#2130,#2131);
#1697=AXIS2_PLACEMENT_3D('',#2580,#2134,#2135);
#1698=AXIS2_PLACEMENT_3D('',#2582,#2137,#2138);
#1699=AXIS2_PLACEMENT_3D('',#2584,#2140,#2141);
#1700=AXIS2_PLACEMENT_3D('',#2585,#2142,#2143);
#1701=AXIS2_PLACEMENT_3D('',#2587,#2145,#2146);
#1702=AXIS2_PLACEMENT_3D('',#2589,#2148,#2149);
#1703=DIRECTION('axis',(0.,0.,1.));
#1704=DIRECTION('refdir',(1.,0.,0.));
#1705=DIRECTION('center_axis',(-1.80411241501588E-16,1.,0.));
#1706=DIRECTION('ref_axis',(-0.707106781186548,0.,-0.707106781186547));
#1707=DIRECTION('center_axis',(9.10729824887824E-16,-1.,0.));
#1708=DIRECTION('ref_axis',(-1.,-9.10729824887824E-16,0.));
#1709=DIRECTION('',(1.80411241501588E-16,-1.,0.));
#1710=DIRECTION('center_axis',(0.,-0.707106781186547,-0.707106781186548));
#1711=DIRECTION('ref_axis',(-1.83995210002005E-16,0.707106781186548,-0.707106781186547));
#1712=DIRECTION('',(-1.80411241501588E-16,1.,0.));
#1713=DIRECTION('center_axis',(0.,0.,1.));
#1714=DIRECTION('ref_axis',(1.,0.,0.));
#1715=DIRECTION('center_axis',(-1.,0.,0.));
#1716=DIRECTION('ref_axis',(0.,1.,0.));
#1717=DIRECTION('center_axis',(0.,0.,1.));
#1718=DIRECTION('ref_axis',(-0.707106781186548,0.707106781186548,0.));
#1719=DIRECTION('center_axis',(0.,0.,-1.));
#1720=DIRECTION('ref_axis',(-0.707106781186548,0.707106781186548,0.));
#1721=DIRECTION('center_axis',(1.,0.,0.));
#1722=DIRECTION('ref_axis',(0.,0.707106781186547,-0.707106781186548));
#1723=DIRECTION('center_axis',(-1.,1.38777878078145E-15,0.));
#1724=DIRECTION('ref_axis',(1.38777878078145E-15,1.,0.));
#1725=DIRECTION('',(-1.,0.,0.));
#1726=DIRECTION('',(1.,0.,0.));
#1727=DIRECTION('center_axis',(0.,0.,1.));
#1728=DIRECTION('ref_axis',(1.,0.,0.));
#1729=DIRECTION('center_axis',(-1.17093834628434E-15,1.,0.));
#1730=DIRECTION('ref_axis',(1.,1.17093834628434E-15,0.));
#1731=DIRECTION('center_axis',(0.,0.,1.));
#1732=DIRECTION('ref_axis',(0.707106781186547,0.707106781186548,0.));
#1733=DIRECTION('center_axis',(0.,0.,-1.));
#1734=DIRECTION('ref_axis',(0.707106781186547,0.707106781186548,0.));
#1735=DIRECTION('center_axis',(3.05311331771918E-16,-1.,0.));
#1736=DIRECTION('ref_axis',(0.707106781186548,0.,-0.707106781186547));
#1737=DIRECTION('center_axis',(0.,-0.707106781186547,-0.707106781186548));
#1738=DIRECTION('ref_axis',(-3.67990420004009E-16,0.707106781186548,-0.707106781186547));
#1739=DIRECTION('',(-3.05311331771918E-16,1.,0.));
#1740=DIRECTION('',(3.05311331771918E-16,-1.,0.));
#1741=DIRECTION('center_axis',(1.,3.05311331771918E-16,0.));
#1742=DIRECTION('ref_axis',(3.05311331771918E-16,-1.,0.));
#1743=DIRECTION('',(0.,0.,-1.));
#1744=DIRECTION('',(0.,0.,-1.));
#1745=DIRECTION('',(0.,1.,0.));
#1746=DIRECTION('',(0.,0.,1.));
#1747=DIRECTION('',(3.05311331771918E-16,-1.,0.));
#1748=DIRECTION('',(0.,0.,1.));
#1749=DIRECTION('',(3.05311331771918E-16,-1.,0.));
#1750=DIRECTION('center_axis',(0.,0.,1.));
#1751=DIRECTION('ref_axis',(0.707106781186547,0.707106781186548,0.));
#1752=DIRECTION('',(0.,0.,1.));
#1753=DIRECTION('center_axis',(0.,0.,-1.));
#1754=DIRECTION('ref_axis',(0.707106781186547,0.707106781186548,0.));
#1755=DIRECTION('center_axis',(0.,1.,0.));
#1756=DIRECTION('ref_axis',(1.,0.,0.));
#1757=DIRECTION('',(0.,0.,-1.));
#1758=DIRECTION('',(-1.,0.,0.));
#1759=DIRECTION('center_axis',(0.,0.,-1.));
#1760=DIRECTION('ref_axis',(-0.707106781186548,0.707106781186548,0.));
#1761=DIRECTION('',(0.,0.,1.));
#1762=DIRECTION('center_axis',(0.,0.,-1.));
#1763=DIRECTION('ref_axis',(-0.707106781186548,0.707106781186548,0.));
#1764=DIRECTION('center_axis',(-1.,-1.80411241501588E-16,0.));
#1765=DIRECTION('ref_axis',(-1.80411241501588E-16,1.,0.));
#1766=DIRECTION('',(0.,0.,1.));
#1767=DIRECTION('',(-1.66533453693773E-16,1.,0.));
#1768=DIRECTION('',(0.,0.,-1.));
#1769=DIRECTION('',(-1.80411241501588E-16,1.,0.));
#1770=DIRECTION('',(0.,0.,-1.));
#1771=DIRECTION('',(1.80411241501588E-16,-1.,0.));
#1772=DIRECTION('center_axis',(3.05311331771918E-16,-1.,0.));
#1773=DIRECTION('ref_axis',(0.707106781186548,0.,-0.707106781186547));
#1774=DIRECTION('center_axis',(0.,1.,0.));
#1775=DIRECTION('ref_axis',(1.,0.,0.));
#1776=DIRECTION('',(-3.05311331771918E-16,1.,0.));
#1777=DIRECTION('center_axis',(0.,0.707106781186555,-0.70710678118654));
#1778=DIRECTION('ref_axis',(4.90653893338685E-16,-0.70710678118654,-0.707106781186555));
#1779=DIRECTION('center_axis',(0.,0.,1.));
#1780=DIRECTION('ref_axis',(1.,0.,0.));
#1781=DIRECTION('center_axis',(1.,0.,0.));
#1782=DIRECTION('ref_axis',(0.,-1.,0.));
#1783=DIRECTION('center_axis',(0.,0.,1.));
#1784=DIRECTION('ref_axis',(0.707106781186548,-0.707106781186547,0.));
#1785=DIRECTION('center_axis',(0.,0.,-1.));
#1786=DIRECTION('ref_axis',(0.707106781186548,-0.707106781186547,0.));
#1787=DIRECTION('center_axis',(-1.,0.,0.));
#1788=DIRECTION('ref_axis',(0.,-0.70710678118654,-0.707106781186555));
#1789=DIRECTION('center_axis',(1.,6.93889390390738E-16,0.));
#1790=DIRECTION('ref_axis',(6.93889390390738E-16,-1.,0.));
#1791=DIRECTION('',(1.,0.,0.));
#1792=DIRECTION('',(-1.,0.,0.));
#1793=DIRECTION('center_axis',(0.,0.,1.));
#1794=DIRECTION('ref_axis',(1.,0.,0.));
#1795=DIRECTION('center_axis',(0.,-1.,0.));
#1796=DIRECTION('ref_axis',(-1.,0.,0.));
#1797=DIRECTION('center_axis',(0.,0.,1.));
#1798=DIRECTION('ref_axis',(-0.707106781186548,-0.707106781186547,0.));
#1799=DIRECTION('center_axis',(0.,0.,-1.));
#1800=DIRECTION('ref_axis',(-0.707106781186548,-0.707106781186547,0.));
#1801=DIRECTION('center_axis',(-1.80411241501588E-16,1.,0.));
#1802=DIRECTION('ref_axis',(-0.707106781186548,0.,-0.707106781186547));
#1803=DIRECTION('center_axis',(0.,0.707106781186555,-0.70710678118654));
#1804=DIRECTION('ref_axis',(2.45326946669343E-16,-0.70710678118654,-0.707106781186555));
#1805=DIRECTION('',(1.80411241501588E-16,-1.,0.));
#1806=DIRECTION('center_axis',(0.,0.,1.));
#1807=DIRECTION('ref_axis',(-0.707106781186549,-0.707106781186546,0.));
#1808=DIRECTION('',(0.,0.,1.));
#1809=DIRECTION('center_axis',(0.,0.,-1.));
#1810=DIRECTION('ref_axis',(-0.707106781186549,-0.707106781186546,0.));
#1811=DIRECTION('center_axis',(0.,-1.,0.));
#1812=DIRECTION('ref_axis',(-1.,0.,0.));
#1813=DIRECTION('',(0.,0.,-1.));
#1814=DIRECTION('',(1.,0.,0.));
#1815=DIRECTION('center_axis',(0.,0.,-1.));
#1816=DIRECTION('ref_axis',(0.707106781186549,-0.707106781186546,0.));
#1817=DIRECTION('center_axis',(0.,0.,-1.));
#1818=DIRECTION('ref_axis',(0.707106781186549,-0.707106781186546,0.));
#1819=DIRECTION('center_axis',(0.,0.,-1.));
#1820=DIRECTION('ref_axis',(0.707106781186548,0.707106781186548,0.));
#1821=DIRECTION('center_axis',(0.,0.,1.));
#1822=DIRECTION('ref_axis',(0.707106781186548,0.707106781186548,0.));
#1823=DIRECTION('',(0.,0.,1.));
#1824=DIRECTION('center_axis',(-3.33066907387547E-16,1.,0.));
#1825=DIRECTION('ref_axis',(1.,3.33066907387547E-16,0.));
#1826=DIRECTION('',(1.,3.33066907387547E-16,0.));
#1827=DIRECTION('',(0.,0.,-1.));
#1828=DIRECTION('',(1.,3.33066907387547E-16,0.));
#1829=DIRECTION('center_axis',(0.,0.,-1.));
#1830=DIRECTION('ref_axis',(-1.,0.,0.));
#1831=DIRECTION('center_axis',(0.,0.,1.));
#1832=DIRECTION('ref_axis',(0.707106781186555,-0.70710678118654,0.));
#1833=DIRECTION('',(-1.,0.,0.));
#1834=DIRECTION('center_axis',(0.,0.,1.));
#1835=DIRECTION('ref_axis',(-0.707106781186555,-0.70710678118654,0.));
#1836=DIRECTION('center_axis',(0.,0.,1.));
#1837=DIRECTION('ref_axis',(-0.70710678118655,0.707106781186546,0.));
#1838=DIRECTION('',(0.,1.,0.));
#1839=DIRECTION('',(-1.,0.,0.));
#1840=DIRECTION('',(-1.75224593533011E-16,-1.,0.));
#1841=DIRECTION('',(1.,0.,0.));
#1842=DIRECTION('center_axis',(0.,0.,-1.));
#1843=DIRECTION('ref_axis',(-0.70710678118655,0.707106781186546,0.));
#1844=DIRECTION('center_axis',(0.,0.,-1.));
#1845=DIRECTION('ref_axis',(0.707106781186555,-0.70710678118654,0.));
#1846=DIRECTION('',(0.,0.,-1.));
#1847=DIRECTION('center_axis',(0.,-1.,0.));
#1848=DIRECTION('ref_axis',(-1.,0.,0.));
#1849=DIRECTION('',(-1.,0.,0.));
#1850=DIRECTION('center_axis',(0.,-1.,0.));
#1851=DIRECTION('ref_axis',(0.707106781186547,0.,-0.707106781186548));
#1852=DIRECTION('',(-1.,0.,0.));
#1853=DIRECTION('center_axis',(0.,-1.,0.));
#1854=DIRECTION('ref_axis',(-0.707106781186548,0.,0.707106781186548));
#1855=DIRECTION('',(-1.,0.,0.));
#1856=DIRECTION('',(0.,0.,1.));
#1857=DIRECTION('center_axis',(0.,0.,-1.));
#1858=DIRECTION('ref_axis',(-0.707106781186555,-0.70710678118654,0.));
#1859=DIRECTION('center_axis',(0.,0.,-1.));
#1860=DIRECTION('ref_axis',(-0.707106781186549,-0.707106781186546,0.));
#1861=DIRECTION('center_axis',(0.,0.,-1.));
#1862=DIRECTION('ref_axis',(-0.707106781186549,-0.707106781186546,0.));
#1863=DIRECTION('',(0.,0.,-1.));
#1864=DIRECTION('center_axis',(0.,0.,-1.));
#1865=DIRECTION('ref_axis',(-0.707106781186549,-0.707106781186546,0.));
#1866=DIRECTION('',(0.,0.,1.));
#1867=DIRECTION('center_axis',(0.,0.,-1.));
#1868=DIRECTION('ref_axis',(-1.,0.,0.));
#1869=DIRECTION('',(1.86816374335964E-16,1.,0.));
#1870=DIRECTION('center_axis',(0.,0.,-1.));
#1871=DIRECTION('ref_axis',(-0.707106781186549,0.707106781186546,0.));
#1872=DIRECTION('',(-1.,0.,0.));
#1873=DIRECTION('center_axis',(0.,0.,-1.));
#1874=DIRECTION('ref_axis',(0.707106781186549,0.707106781186546,0.));
#1875=DIRECTION('',(-1.60128320859398E-16,-1.,0.));
#1876=DIRECTION('center_axis',(0.,0.,-1.));
#1877=DIRECTION('ref_axis',(0.707106781186549,-0.707106781186546,0.));
#1878=DIRECTION('',(-1.,0.,0.));
#1879=DIRECTION('',(0.,-1.,0.));
#1880=DIRECTION('center_axis',(0.,0.,1.));
#1881=DIRECTION('ref_axis',(-1.,0.,0.));
#1882=DIRECTION('',(1.16999258712762E-16,1.,0.));
#1883=DIRECTION('center_axis',(0.,0.,1.));
#1884=DIRECTION('ref_axis',(0.46153846153846,0.887120199590062,0.));
#1885=DIRECTION('center_axis',(1.,-1.86816374335964E-16,0.));
#1886=DIRECTION('ref_axis',(-1.86816374335964E-16,-1.,0.));
#1887=DIRECTION('',(-1.86816374335964E-16,-1.,0.));
#1888=DIRECTION('',(0.,0.,-1.));
#1889=DIRECTION('center_axis',(0.,0.,-1.));
#1890=DIRECTION('ref_axis',(0.707106781186549,-0.707106781186546,0.));
#1891=DIRECTION('',(0.,0.,-1.));
#1892=DIRECTION('center_axis',(0.,0.,-1.));
#1893=DIRECTION('ref_axis',(0.707106781186549,-0.707106781186546,0.));
#1894=DIRECTION('',(0.,0.,1.));
#1895=DIRECTION('center_axis',(-1.,1.60128320859398E-16,0.));
#1896=DIRECTION('ref_axis',(1.60128320859398E-16,1.,0.));
#1897=DIRECTION('',(0.,0.,1.));
#1898=DIRECTION('',(1.60128320859398E-16,1.,0.));
#1899=DIRECTION('center_axis',(0.,0.,-1.));
#1900=DIRECTION('ref_axis',(-0.707106781186549,0.707106781186546,0.));
#1901=DIRECTION('center_axis',(0.,0.,-1.));
#1902=DIRECTION('ref_axis',(-0.707106781186549,0.707106781186546,0.));
#1903=DIRECTION('',(0.,0.,1.));
#1904=DIRECTION('center_axis',(0.,-1.,0.));
#1905=DIRECTION('ref_axis',(-1.,0.,0.));
#1906=DIRECTION('',(1.,0.,0.));
#1907=DIRECTION('',(0.,0.,-1.));
#1908=DIRECTION('center_axis',(0.,0.,1.));
#1909=DIRECTION('ref_axis',(0.707106781186549,0.707106781186546,0.));
#1910=DIRECTION('center_axis',(0.,0.,-1.));
#1911=DIRECTION('ref_axis',(0.707106781186549,0.707106781186546,0.));
#1912=DIRECTION('center_axis',(0.,0.,-1.));
#1913=DIRECTION('ref_axis',(0.707106781186543,0.707106781186552,0.));
#1914=DIRECTION('center_axis',(0.,0.,-1.));
#1915=DIRECTION('ref_axis',(0.707106781186543,0.707106781186552,0.));
#1916=DIRECTION('',(0.,0.,-1.));
#1917=DIRECTION('center_axis',(0.,0.,-1.));
#1918=DIRECTION('ref_axis',(0.707106781186543,0.707106781186552,0.));
#1919=DIRECTION('',(0.,0.,1.));
#1920=DIRECTION('center_axis',(-1.,1.5636944008805E-16,0.));
#1921=DIRECTION('ref_axis',(1.5636944008805E-16,1.,0.));
#1922=DIRECTION('',(1.5636944008805E-16,1.,0.));
#1923=DIRECTION('',(0.,0.,1.));
#1924=DIRECTION('',(1.5636944008805E-16,1.,0.));
#1925=DIRECTION('center_axis',(0.,0.,1.));
#1926=DIRECTION('ref_axis',(1.,0.,0.));
#1927=DIRECTION('',(-1.,0.,0.));
#1928=DIRECTION('',(-2.73646520154088E-16,-1.,0.));
#1929=DIRECTION('',(1.,0.,0.));
#1930=DIRECTION('center_axis',(0.,0.,-1.));
#1931=DIRECTION('ref_axis',(0.707106781186555,-0.70710678118654,0.));
#1932=DIRECTION('center_axis',(0.,0.,1.));
#1933=DIRECTION('ref_axis',(0.707106781186542,-0.707106781186553,0.));
#1934=DIRECTION('center_axis',(0.,0.,-1.));
#1935=DIRECTION('ref_axis',(0.707106781186542,-0.707106781186553,0.));
#1936=DIRECTION('',(0.,0.,-1.));
#1937=DIRECTION('center_axis',(0.,0.,-1.));
#1938=DIRECTION('ref_axis',(0.707106781186542,-0.707106781186553,0.));
#1939=DIRECTION('',(0.,0.,1.));
#1940=DIRECTION('center_axis',(0.,1.,0.));
#1941=DIRECTION('ref_axis',(1.,0.,0.));
#1942=DIRECTION('',(1.,0.,0.));
#1943=DIRECTION('',(0.,0.,-1.));
#1944=DIRECTION('',(1.,0.,0.));
#1945=DIRECTION('center_axis',(0.,0.,1.));
#1946=DIRECTION('ref_axis',(1.,0.,0.));
#1947=DIRECTION('',(7.93016446160826E-17,-1.,0.));
#1948=DIRECTION('',(-1.,0.,0.));
#1949=DIRECTION('',(-5.51146430081774E-16,1.,0.));
#1950=DIRECTION('',(1.,0.,0.));
#1951=DIRECTION('',(0.,1.,0.));
#1952=DIRECTION('center_axis',(0.,0.,-1.));
#1953=DIRECTION('ref_axis',(0.46153846153846,0.887120199590062,0.));
#1954=DIRECTION('',(-1.16999258712762E-16,-1.,0.));
#1955=DIRECTION('center_axis',(0.,0.,-1.));
#1956=DIRECTION('ref_axis',(-1.,0.,0.));
#1957=DIRECTION('',(3.8999752904254E-17,-1.,0.));
#1958=DIRECTION('center_axis',(0.,0.,-1.));
#1959=DIRECTION('ref_axis',(-1.,0.,0.));
#1960=DIRECTION('',(0.,1.,0.));
#1961=DIRECTION('center_axis',(0.,0.,-1.));
#1962=DIRECTION('ref_axis',(0.461538461538462,0.887120199590061,0.));
#1963=DIRECTION('',(0.,1.,0.));
#1964=DIRECTION('',(1.,0.,0.));
#1965=DIRECTION('',(-5.16382802151236E-16,-1.,0.));
#1966=DIRECTION('center_axis',(0.,0.,1.));
#1967=DIRECTION('ref_axis',(0.707106781186542,-0.707106781186553,0.));
#1968=DIRECTION('',(-1.,0.,0.));
#1969=DIRECTION('',(2.45174251271388E-15,1.,0.));
#1970=DIRECTION('center_axis',(0.,0.,-1.));
#1971=DIRECTION('ref_axis',(0.707106781186555,-0.70710678118654,0.));
#1972=DIRECTION('',(0.,0.,-1.));
#1973=DIRECTION('center_axis',(0.,0.,-1.));
#1974=DIRECTION('ref_axis',(0.707106781186555,-0.70710678118654,0.));
#1975=DIRECTION('center_axis',(0.,0.,-1.));
#1976=DIRECTION('ref_axis',(0.707106781186542,-0.707106781186553,0.));
#1977=DIRECTION('center_axis',(0.,0.,1.));
#1978=DIRECTION('ref_axis',(0.707106781186542,-0.707106781186553,0.));
#1979=DIRECTION('',(0.,0.,1.));
#1980=DIRECTION('',(0.,0.,-1.));
#1981=DIRECTION('center_axis',(0.,0.,-1.));
#1982=DIRECTION('ref_axis',(-1.,0.,0.));
#1983=DIRECTION('',(-5.16382802151236E-16,-1.,0.));
#1984=DIRECTION('',(1.,0.,1.85037170770859E-16));
#1985=DIRECTION('',(0.,1.,0.));
#1986=DIRECTION('',(2.26670534194302E-15,1.,0.));
#1987=DIRECTION('',(-1.,0.,0.));
#1988=DIRECTION('',(-1.,0.,0.));
#1989=DIRECTION('',(1.,0.,0.));
#1990=DIRECTION('',(1.,0.,0.));
#1991=DIRECTION('',(2.45174251271388E-15,1.,0.));
#1992=DIRECTION('',(-1.,0.,0.));
#1993=DIRECTION('center_axis',(1.,-5.16382802151236E-16,0.));
#1994=DIRECTION('ref_axis',(-5.16382802151236E-16,-1.,0.));
#1995=DIRECTION('',(0.,0.,-1.));
#1996=DIRECTION('',(0.,-1.,0.));
#1997=DIRECTION('',(0.,0.,-1.));
#1998=DIRECTION('',(0.,0.,-1.));
#1999=DIRECTION('center_axis',(0.,1.,0.));
#2000=DIRECTION('ref_axis',(0.,0.,1.));
#2001=DIRECTION('',(-1.,0.,0.));
#2002=DIRECTION('',(-1.83697019872103E-16,0.,1.));
#2003=DIRECTION('center_axis',(0.,0.,-1.));
#2004=DIRECTION('ref_axis',(-1.,0.,0.));
#2005=DIRECTION('',(0.,-1.,0.));
#2006=DIRECTION('',(-1.,0.,0.));
#2007=DIRECTION('',(1.75224593533011E-16,1.,0.));
#2008=DIRECTION('',(1.,0.,0.));
#2009=DIRECTION('',(-7.93016446160826E-17,1.,0.));
#2010=DIRECTION('',(-1.,0.,0.));
#2011=DIRECTION('',(5.51146430081774E-16,-1.,0.));
#2012=DIRECTION('',(1.,0.,0.));
#2013=DIRECTION('center_axis',(0.,0.,1.));
#2014=DIRECTION('ref_axis',(-1.,0.,0.));
#2015=DIRECTION('center_axis',(0.,0.,1.));
#2016=DIRECTION('ref_axis',(-1.,0.,0.));
#2017=DIRECTION('center_axis',(0.,0.,1.));
#2018=DIRECTION('ref_axis',(-1.,0.,0.));
#2019=DIRECTION('center_axis',(0.,0.,1.));
#2020=DIRECTION('ref_axis',(-1.,0.,0.));
#2021=DIRECTION('center_axis',(-1.,6.81715892313693E-16,0.));
#2022=DIRECTION('ref_axis',(6.81715892313693E-16,1.,0.));
#2023=DIRECTION('',(1.83697019872103E-16,0.,-1.));
#2024=DIRECTION('center_axis',(0.,-1.,0.));
#2025=DIRECTION('ref_axis',(-1.,0.,0.));
#2026=DIRECTION('',(0.,0.,1.));
#2027=DIRECTION('center_axis',(0.,-1.,0.));
#2028=DIRECTION('ref_axis',(-1.,0.,0.));
#2029=DIRECTION('',(0.,0.,-1.));
#2030=DIRECTION('center_axis',(0.,1.,0.));
#2031=DIRECTION('ref_axis',(1.,0.,0.));
#2032=DIRECTION('',(0.,0.,-1.));
#2033=DIRECTION('center_axis',(0.,1.,0.));
#2034=DIRECTION('ref_axis',(1.,0.,0.));
#2035=DIRECTION('',(1.,0.,0.));
#2036=DIRECTION('center_axis',(0.,1.,0.));
#2037=DIRECTION('ref_axis',(-1.,0.,0.));
#2038=DIRECTION('',(0.,0.,1.));
#2039=DIRECTION('',(-1.,0.,0.));
#2040=DIRECTION('',(0.,0.,1.));
#2041=DIRECTION('center_axis',(1.,-2.73646520154088E-16,0.));
#2042=DIRECTION('ref_axis',(2.73646520154088E-16,1.,0.));
#2043=DIRECTION('',(2.73646520154088E-16,1.,0.));
#2044=DIRECTION('',(0.,0.,-1.));
#2045=DIRECTION('center_axis',(0.,-1.,0.));
#2046=DIRECTION('ref_axis',(1.,0.,0.));
#2047=DIRECTION('',(1.,0.,0.));
#2048=DIRECTION('',(0.,0.,1.));
#2049=DIRECTION('center_axis',(-1.,-2.73646520154088E-16,0.));
#2050=DIRECTION('ref_axis',(2.73646520154088E-16,-1.,0.));
#2051=DIRECTION('',(2.73646520154088E-16,-1.,0.));
#2052=DIRECTION('center_axis',(0.,0.,-1.));
#2053=DIRECTION('ref_axis',(-1.,0.,0.));
#2054=DIRECTION('',(0.,0.,1.));
#2055=DIRECTION('center_axis',(0.,0.,1.));
#2056=DIRECTION('ref_axis',(-1.,0.,0.));
#2057=DIRECTION('',(0.,0.,-1.));
#2058=DIRECTION('center_axis',(1.,0.,0.));
#2059=DIRECTION('ref_axis',(0.,-1.,0.));
#2060=DIRECTION('',(0.,-1.,0.));
#2061=DIRECTION('',(0.,0.,-1.));
#2062=DIRECTION('center_axis',(0.,0.,-1.));
#2063=DIRECTION('ref_axis',(0.461538461538462,0.887120199590061,0.));
#2064=DIRECTION('center_axis',(0.,0.,1.));
#2065=DIRECTION('ref_axis',(0.461538461538462,0.887120199590061,0.));
#2066=DIRECTION('',(0.,0.,-1.));
#2067=DIRECTION('center_axis',(-1.,-3.8999752904254E-17,0.));
#2068=DIRECTION('ref_axis',(-3.8999752904254E-17,1.,0.));
#2069=DIRECTION('',(-3.8999752904254E-17,1.,0.));
#2070=DIRECTION('center_axis',(0.,0.,-1.));
#2071=DIRECTION('ref_axis',(-1.,0.,0.));
#2072=DIRECTION('center_axis',(0.,0.,-1.));
#2073=DIRECTION('ref_axis',(0.46153846153846,0.887120199590062,0.));
#2074=DIRECTION('',(0.,0.,1.));
#2075=DIRECTION('',(0.,0.,-1.));
#2076=DIRECTION('center_axis',(-1.,1.16999258712762E-16,0.));
#2077=DIRECTION('ref_axis',(1.16999258712762E-16,1.,0.));
#2078=DIRECTION('',(0.,0.,-1.));
#2079=DIRECTION('center_axis',(0.,0.,-1.));
#2080=DIRECTION('ref_axis',(-1.,0.,0.));
#2081=DIRECTION('',(0.,0.,-1.));
#2082=DIRECTION('center_axis',(1.,0.,0.));
#2083=DIRECTION('ref_axis',(0.,-1.,0.));
#2084=DIRECTION('center_axis',(0.,0.,-1.));
#2085=DIRECTION('ref_axis',(-1.,0.,0.));
#2086=DIRECTION('',(0.,1.,0.));
#2087=DIRECTION('',(0.,-1.,0.));
#2088=DIRECTION('',(1.,0.,0.));
#2089=DIRECTION('center_axis',(0.,1.,0.));
#2090=DIRECTION('ref_axis',(-0.707106781186548,0.,0.707106781186548));
#2091=DIRECTION('center_axis',(0.,1.,0.));
#2092=DIRECTION('ref_axis',(-0.707106781186547,0.,-0.707106781186548));
#2093=DIRECTION('',(0.,-1.,0.));
#2094=DIRECTION('center_axis',(0.,1.,0.));
#2095=DIRECTION('ref_axis',(0.707106781186547,0.,0.707106781186548));
#2096=DIRECTION('',(0.,1.,0.));
#2097=DIRECTION('center_axis',(0.,1.,0.));
#2098=DIRECTION('ref_axis',(0.707106781186547,0.,0.707106781186548));
#2099=DIRECTION('center_axis',(0.,0.,1.));
#2100=DIRECTION('ref_axis',(1.,0.,0.));
#2101=DIRECTION('',(-1.,0.,0.));
#2102=DIRECTION('center_axis',(0.,0.,-1.));
#2103=DIRECTION('ref_axis',(-1.,0.,0.));
#2104=DIRECTION('center_axis',(0.,0.,-1.));
#2105=DIRECTION('ref_axis',(-1.,0.,0.));
#2106=DIRECTION('',(0.,0.,1.));
#2107=DIRECTION('center_axis',(0.,0.,-1.));
#2108=DIRECTION('ref_axis',(-1.,0.,0.));
#2109=DIRECTION('center_axis',(0.,0.,-1.));
#2110=DIRECTION('ref_axis',(-1.,0.,0.));
#2111=DIRECTION('center_axis',(0.,0.,-1.));
#2112=DIRECTION('ref_axis',(-1.,0.,0.));
#2113=DIRECTION('',(0.,0.,1.));
#2114=DIRECTION('center_axis',(0.,0.,-1.));
#2115=DIRECTION('ref_axis',(-1.,0.,0.));
#2116=DIRECTION('center_axis',(0.,0.,-1.));
#2117=DIRECTION('ref_axis',(-1.,0.,0.));
#2118=DIRECTION('center_axis',(0.,0.,-1.));
#2119=DIRECTION('ref_axis',(-1.,0.,0.));
#2120=DIRECTION('',(0.,0.,1.));
#2121=DIRECTION('center_axis',(0.,0.,-1.));
#2122=DIRECTION('ref_axis',(-1.,0.,0.));
#2123=DIRECTION('center_axis',(0.,0.,-1.));
#2124=DIRECTION('ref_axis',(-1.,0.,0.));
#2125=DIRECTION('center_axis',(0.,0.,-1.));
#2126=DIRECTION('ref_axis',(-1.,0.,0.));
#2127=DIRECTION('',(0.,0.,1.));
#2128=DIRECTION('center_axis',(0.,0.,-1.));
#2129=DIRECTION('ref_axis',(-1.,0.,0.));
#2130=DIRECTION('center_axis',(-1.,-5.51146430081774E-16,0.));
#2131=DIRECTION('ref_axis',(-5.51146430081774E-16,1.,0.));
#2132=DIRECTION('',(0.,0.,-1.));
#2133=DIRECTION('',(0.,0.,-1.));
#2134=DIRECTION('center_axis',(0.,1.,0.));
#2135=DIRECTION('ref_axis',(1.,0.,0.));
#2136=DIRECTION('',(0.,0.,-1.));
#2137=DIRECTION('center_axis',(1.,7.93016446160826E-17,0.));
#2138=DIRECTION('ref_axis',(7.93016446160826E-17,-1.,0.));
#2139=DIRECTION('',(0.,0.,-1.));
#2140=DIRECTION('center_axis',(0.,-1.,0.));
#2141=DIRECTION('ref_axis',(-1.,0.,0.));
#2142=DIRECTION('center_axis',(0.,1.,0.));
#2143=DIRECTION('ref_axis',(1.,0.,0.));
#2144=DIRECTION('',(0.,0.,-1.));
#2145=DIRECTION('center_axis',(1.,-1.75224593533011E-16,0.));
#2146=DIRECTION('ref_axis',(-1.75224593533011E-16,-1.,0.));
#2147=DIRECTION('',(0.,0.,-1.));
#2148=DIRECTION('center_axis',(0.,-1.,0.));
#2149=DIRECTION('ref_axis',(-1.,0.,0.));
#2150=CARTESIAN_POINT('',(0.,0.,0.));
#2151=CARTESIAN_POINT('Origin',(-8.19999999999999,-91.25,-0.8));
#2152=CARTESIAN_POINT('',(-9.00000000000001,-0.250000000000004,-0.8));
#2153=CARTESIAN_POINT('',(-8.20000000000001,-0.250000000000004,-1.6));
#2154=CARTESIAN_POINT('Origin',(-8.20000000000001,-0.250000000000004,-0.8));
#2155=CARTESIAN_POINT('',(-8.2,-16.25,-1.6));
#2156=CARTESIAN_POINT('',(-8.19999999999999,-91.25,-1.6));
#2157=CARTESIAN_POINT('',(-9.00000000000001,-17.05,-0.8));
#2158=CARTESIAN_POINT('Origin',(-8.2,-17.05,-0.8));
#2159=CARTESIAN_POINT('',(-8.99999999999999,-91.25,-0.8));
#2160=CARTESIAN_POINT('Origin',(-5.00000000000001,-0.250000000000004,-0.8));
#2161=CARTESIAN_POINT('',(-5.00000000000001,3.75,-0.8));
#2162=CARTESIAN_POINT('',(-5.00000000000001,2.95,-1.6));
#2163=CARTESIAN_POINT('Origin',(-5.00000000000001,2.95,-0.8));
#2164=CARTESIAN_POINT('Origin',(-5.00000000000001,-0.250000000000004,-1.6));
#2165=CARTESIAN_POINT('Origin',(-5.00000000000001,-0.250000000000004,-0.8));
#2166=CARTESIAN_POINT('Origin',(-4.,2.95,-0.8));
#2167=CARTESIAN_POINT('',(6.99999999999999,3.75,-0.8));
#2168=CARTESIAN_POINT('',(6.99999999999999,2.95,-1.6));
#2169=CARTESIAN_POINT('Origin',(6.99999999999999,2.95,-0.8));
#2170=CARTESIAN_POINT('',(-4.,2.95,-1.6));
#2171=CARTESIAN_POINT('',(-4.,3.75,-0.8));
#2172=CARTESIAN_POINT('Origin',(6.99999999999999,-0.250000000000002,-0.8));
#2173=CARTESIAN_POINT('',(11.,-0.250000000000001,-0.8));
#2174=CARTESIAN_POINT('',(10.2,-0.250000000000002,-1.6));
#2175=CARTESIAN_POINT('Origin',(10.2,-0.250000000000002,-0.8));
#2176=CARTESIAN_POINT('Origin',(6.99999999999999,-0.250000000000002,-1.6));
#2177=CARTESIAN_POINT('Origin',(6.99999999999999,-0.250000000000002,-0.8));
#2178=CARTESIAN_POINT('Origin',(10.2,-11.25,-0.8));
#2179=CARTESIAN_POINT('',(11.,-17.05,-0.8));
#2180=CARTESIAN_POINT('',(10.2,-16.25,-1.6));
#2181=CARTESIAN_POINT('Origin',(10.2,-17.05,-0.8));
#2182=CARTESIAN_POINT('',(10.2,-11.25,-1.6));
#2183=CARTESIAN_POINT('',(11.,-11.25,-0.8));
#2184=CARTESIAN_POINT('Origin',(11.,-16.25,0.));
#2185=CARTESIAN_POINT('',(11.,-17.05,-10.4));
#2186=CARTESIAN_POINT('',(11.,-17.05,0.));
#2187=CARTESIAN_POINT('',(11.,-0.250000000000001,0.));
#2188=CARTESIAN_POINT('',(11.,-0.250000000000001,-0.3));
#2189=CARTESIAN_POINT('',(11.,-217.25,0.));
#2190=CARTESIAN_POINT('',(11.,3.75,0.));
#2191=CARTESIAN_POINT('',(11.0000000000001,-217.25,-2.7));
#2192=CARTESIAN_POINT('',(11.0000000000001,-217.25,-0.3));
#2193=CARTESIAN_POINT('',(11.,-175.45,-2.7));
#2194=CARTESIAN_POINT('',(11.,-96.25,-2.7));
#2195=CARTESIAN_POINT('',(11.,-175.45,-10.4));
#2196=CARTESIAN_POINT('',(11.,-175.45,0.));
#2197=CARTESIAN_POINT('',(11.,-16.25,-10.4));
#2198=CARTESIAN_POINT('Origin',(6.99999999999999,-0.250000000000002,-0.3));
#2199=CARTESIAN_POINT('',(6.99999999999999,3.75,0.));
#2200=CARTESIAN_POINT('',(6.99999999999999,3.75,-0.3));
#2201=CARTESIAN_POINT('Origin',(6.99999999999999,-0.250000000000002,0.));
#2202=CARTESIAN_POINT('Origin',(-9.,3.75,-0.6));
#2203=CARTESIAN_POINT('',(-5.00000000000001,3.75,0.));
#2204=CARTESIAN_POINT('',(-5.00000000000001,3.75,-0.3));
#2205=CARTESIAN_POINT('',(-9.,3.75,0.));
#2206=CARTESIAN_POINT('Origin',(-5.00000000000001,-0.250000000000004,-0.3));
#2207=CARTESIAN_POINT('',(-9.00000000000001,-0.250000000000004,0.));
#2208=CARTESIAN_POINT('',(-9.00000000000001,-0.250000000000004,-0.3));
#2209=CARTESIAN_POINT('Origin',(-5.00000000000001,-0.250000000000004,0.));
#2210=CARTESIAN_POINT('Origin',(-8.99999999999998,-176.25,0.));
#2211=CARTESIAN_POINT('',(-9.,-17.05,-10.4));
#2212=CARTESIAN_POINT('',(-9.00000000000001,-17.05,0.));
#2213=CARTESIAN_POINT('',(-8.99999999999998,-175.45,-10.4));
#2214=CARTESIAN_POINT('',(-8.99999999999998,-176.25,-10.4));
#2215=CARTESIAN_POINT('',(-8.99999999999998,-175.45,-2.7));
#2216=CARTESIAN_POINT('',(-8.99999999999998,-175.45,0.));
#2217=CARTESIAN_POINT('',(-8.99999999999997,-217.25,-2.7));
#2218=CARTESIAN_POINT('',(-8.99999999999998,-176.25,-2.7));
#2219=CARTESIAN_POINT('',(-8.99999999999997,-217.25,0.));
#2220=CARTESIAN_POINT('',(-8.99999999999997,-217.25,-0.3));
#2221=CARTESIAN_POINT('',(-9.00000000000001,-16.25,0.));
#2222=CARTESIAN_POINT('Origin',(10.2,-96.25,-2.7));
#2223=CARTESIAN_POINT('',(10.2000000000001,-217.25,-3.5));
#2224=CARTESIAN_POINT('Origin',(10.2000000000001,-217.25,-2.7));
#2225=CARTESIAN_POINT('',(10.2,-176.25,-3.5));
#2226=CARTESIAN_POINT('',(10.2,-96.25,-3.5));
#2227=CARTESIAN_POINT('Origin',(10.2,-175.45,-2.7));
#2228=CARTESIAN_POINT('Origin',(7.00000000000005,-217.25,-2.7));
#2229=CARTESIAN_POINT('',(7.00000000000005,-221.25,-2.7));
#2230=CARTESIAN_POINT('',(7.00000000000005,-220.45,-3.5));
#2231=CARTESIAN_POINT('Origin',(7.00000000000005,-220.45,-2.7));
#2232=CARTESIAN_POINT('Origin',(7.00000000000005,-217.25,-3.5));
#2233=CARTESIAN_POINT('Origin',(7.00000000000005,-217.25,-2.7));
#2234=CARTESIAN_POINT('Origin',(3.50000000000003,-220.45,-2.7));
#2235=CARTESIAN_POINT('',(-4.99999999999997,-221.25,-2.7));
#2236=CARTESIAN_POINT('',(-4.99999999999997,-220.45,-3.5));
#2237=CARTESIAN_POINT('Origin',(-4.99999999999997,-220.45,-2.7));
#2238=CARTESIAN_POINT('',(3.50000000000003,-220.45,-3.5));
#2239=CARTESIAN_POINT('',(3.50000000000003,-221.25,-2.7));
#2240=CARTESIAN_POINT('Origin',(-4.99999999999997,-217.25,-2.7));
#2241=CARTESIAN_POINT('',(-8.19999999999997,-217.25,-3.5));
#2242=CARTESIAN_POINT('Origin',(-8.19999999999997,-217.25,-2.7));
#2243=CARTESIAN_POINT('Origin',(-4.99999999999997,-217.25,-3.5));
#2244=CARTESIAN_POINT('Origin',(-4.99999999999997,-217.25,-2.7));
#2245=CARTESIAN_POINT('Origin',(-8.19999999999998,-176.25,-2.7));
#2246=CARTESIAN_POINT('',(-8.19999999999998,-176.25,-3.5));
#2247=CARTESIAN_POINT('Origin',(-8.19999999999998,-175.45,-2.7));
#2248=CARTESIAN_POINT('',(-8.19999999999998,-176.25,-3.5));
#2249=CARTESIAN_POINT('Origin',(-4.99999999999997,-217.25,-0.3));
#2250=CARTESIAN_POINT('',(-4.99999999999997,-221.25,0.));
#2251=CARTESIAN_POINT('',(-4.99999999999997,-221.25,-0.3));
#2252=CARTESIAN_POINT('Origin',(-4.99999999999997,-217.25,0.));
#2253=CARTESIAN_POINT('Origin',(11.,-221.25,-0.6));
#2254=CARTESIAN_POINT('',(7.00000000000005,-221.25,0.));
#2255=CARTESIAN_POINT('',(7.00000000000005,-221.25,-0.3));
#2256=CARTESIAN_POINT('',(11.,-221.25,0.));
#2257=CARTESIAN_POINT('Origin',(7.00000000000005,-217.25,-0.3));
#2258=CARTESIAN_POINT('Origin',(7.00000000000005,-217.25,0.));
#2259=CARTESIAN_POINT('Origin',(10.2,-17.05,0.));
#2260=CARTESIAN_POINT('',(10.2,-16.25,-10.4));
#2261=CARTESIAN_POINT('Origin',(10.2,-17.05,-10.4));
#2262=CARTESIAN_POINT('',(10.2,-16.25,0.));
#2263=CARTESIAN_POINT('Origin',(-9.,-16.25,0.));
#2264=CARTESIAN_POINT('',(-8.2,-16.25,-10.4));
#2265=CARTESIAN_POINT('',(-9.,-16.25,-10.4));
#2266=CARTESIAN_POINT('',(-8.2,-16.25,0.));
#2267=CARTESIAN_POINT('',(-4.,-16.25,-1.6));
#2268=CARTESIAN_POINT('Origin',(1.00000000000002,-96.25,-10.4));
#2269=CARTESIAN_POINT('',(10.2,-176.25,-10.4));
#2270=CARTESIAN_POINT('Origin',(10.2,-175.45,-10.4));
#2271=CARTESIAN_POINT('',(-8.19999999999998,-176.25,-10.4));
#2272=CARTESIAN_POINT('',(11.,-176.25,-10.4));
#2273=CARTESIAN_POINT('Origin',(-8.19999999999998,-175.45,-10.4));
#2274=CARTESIAN_POINT('Origin',(-8.2,-17.05,-10.4));
#2275=CARTESIAN_POINT('',(10.2,-175.45,-10.4));
#2276=CARTESIAN_POINT('',(10.2,-17.05,-10.4));
#2277=CARTESIAN_POINT('',(10.2,-175.45,-10.4));
#2278=CARTESIAN_POINT('',(-8.2,-17.05,-10.4));
#2279=CARTESIAN_POINT('',(10.2,-17.05,-10.4));
#2280=CARTESIAN_POINT('',(-8.20000000000002,-175.45,-10.4));
#2281=CARTESIAN_POINT('',(-8.2,-17.05,-10.4));
#2282=CARTESIAN_POINT('',(-8.20000000000002,-175.45,-10.4));
#2283=CARTESIAN_POINT('Origin',(-8.2,-17.05,0.));
#2284=CARTESIAN_POINT('Origin',(10.2,-175.45,0.));
#2285=CARTESIAN_POINT('',(10.2,-176.25,0.));
#2286=CARTESIAN_POINT('Origin',(11.,-176.25,0.));
#2287=CARTESIAN_POINT('',(4.00000000000003,-176.25,-3.5));
#2288=CARTESIAN_POINT('',(6.00000000000002,-176.25,-3.5));
#2289=CARTESIAN_POINT('',(4.00000000000003,-176.25,-7.5));
#2290=CARTESIAN_POINT('Origin',(4.00000000000003,-176.25,-5.5));
#2291=CARTESIAN_POINT('',(-1.99999999999997,-176.25,-7.5));
#2292=CARTESIAN_POINT('',(8.50000000000004,-176.25,-7.5));
#2293=CARTESIAN_POINT('',(-1.99999999999997,-176.25,-3.5));
#2294=CARTESIAN_POINT('Origin',(-1.99999999999997,-176.25,-5.5));
#2295=CARTESIAN_POINT('',(3.50000000000004,-176.25,-3.5));
#2296=CARTESIAN_POINT('',(-8.19999999999998,-176.25,0.));
#2297=CARTESIAN_POINT('Origin',(-8.19999999999998,-175.45,0.));
#2298=CARTESIAN_POINT('Origin',(-0.600000000000031,-193.05,-1.6));
#2299=CARTESIAN_POINT('',(-0.600000000000031,-197.05,-1.6));
#2300=CARTESIAN_POINT('',(-4.60000000000003,-193.05,-1.6));
#2301=CARTESIAN_POINT('Origin',(-0.600000000000031,-193.05,-1.6));
#2302=CARTESIAN_POINT('',(-0.600000000000031,-197.05,-3.5));
#2303=CARTESIAN_POINT('',(-0.600000000000031,-197.05,-1.6));
#2304=CARTESIAN_POINT('',(-4.60000000000003,-193.05,-3.5));
#2305=CARTESIAN_POINT('Origin',(-0.600000000000031,-193.05,-3.5));
#2306=CARTESIAN_POINT('',(-4.60000000000003,-193.05,-1.6));
#2307=CARTESIAN_POINT('Origin',(0.999999999999999,-198.75,-1.6));
#2308=CARTESIAN_POINT('',(-4.60000000000003,-180.25,-1.6));
#2309=CARTESIAN_POINT('',(-4.60000000000003,-187.5,-1.6));
#2310=CARTESIAN_POINT('',(-0.600000000000029,-176.25,-1.6));
#2311=CARTESIAN_POINT('Origin',(-0.600000000000029,-180.25,-1.6));
#2312=CARTESIAN_POINT('',(2.60000000000004,-176.25,-1.6));
#2313=CARTESIAN_POINT('',(6.00000000000002,-176.25,-1.6));
#2314=CARTESIAN_POINT('',(6.60000000000004,-180.25,-1.6));
#2315=CARTESIAN_POINT('Origin',(2.60000000000004,-180.25,-1.6));
#2316=CARTESIAN_POINT('',(6.60000000000004,-193.05,-1.6));
#2317=CARTESIAN_POINT('',(6.60000000000004,-197.9,-1.6));
#2318=CARTESIAN_POINT('',(2.60000000000003,-197.05,-1.6));
#2319=CARTESIAN_POINT('Origin',(2.60000000000003,-193.05,-1.6));
#2320=CARTESIAN_POINT('',(-1.80000000000002,-197.05,-1.6));
#2321=CARTESIAN_POINT('',(-0.500000000000006,-184.133140648668,-1.6));
#2322=CARTESIAN_POINT('',(-0.500000000000006,-191.25,-1.6));
#2323=CARTESIAN_POINT('',(-0.500000000000006,-184.133140648668,-1.6));
#2324=CARTESIAN_POINT('',(2.5,-191.25,-1.6));
#2325=CARTESIAN_POINT('Origin',(0.999999999999994,-191.25,-1.6));
#2326=CARTESIAN_POINT('',(2.5,-184.133140648668,-1.6));
#2327=CARTESIAN_POINT('',(2.49999999999999,-191.25,-1.6));
#2328=CARTESIAN_POINT('Origin',(0.999999999999994,-181.25,-1.6));
#2329=CARTESIAN_POINT('Origin',(-4.60000000000003,-176.25,-1.6));
#2330=CARTESIAN_POINT('',(-4.60000000000003,-180.25,-3.5));
#2331=CARTESIAN_POINT('',(-4.60000000000003,-176.25,-3.5));
#2332=CARTESIAN_POINT('',(-4.60000000000003,-180.25,-0.8));
#2333=CARTESIAN_POINT('Origin',(2.60000000000003,-193.05,-1.6));
#2334=CARTESIAN_POINT('',(6.60000000000004,-193.05,-3.5));
#2335=CARTESIAN_POINT('',(6.60000000000004,-193.05,-1.6));
#2336=CARTESIAN_POINT('',(2.60000000000003,-197.05,-3.5));
#2337=CARTESIAN_POINT('Origin',(2.60000000000003,-193.05,-3.5));
#2338=CARTESIAN_POINT('',(2.60000000000003,-197.05,-1.6));
#2339=CARTESIAN_POINT('Origin',(6.60000000000004,-197.05,-1.6));
#2340=CARTESIAN_POINT('',(6.60000000000004,-180.25,-3.5));
#2341=CARTESIAN_POINT('',(6.60000000000004,-180.25,-0.8));
#2342=CARTESIAN_POINT('',(6.60000000000004,-197.05,-3.5));
#2343=CARTESIAN_POINT('Origin',(-0.600000000000029,-180.25,-0.8));
#2344=CARTESIAN_POINT('',(-0.600000000000029,-176.25,-3.5));
#2345=CARTESIAN_POINT('Origin',(-0.600000000000029,-180.25,-3.5));
#2346=CARTESIAN_POINT('',(-0.600000000000029,-176.25,-0.8));
#2347=CARTESIAN_POINT('Origin',(11.,-176.25,0.));
#2348=CARTESIAN_POINT('',(2.60000000000004,-176.25,-3.5));
#2349=CARTESIAN_POINT('',(3.50000000000004,-176.25,-3.5));
#2350=CARTESIAN_POINT('',(2.60000000000004,-176.25,-0.8));
#2351=CARTESIAN_POINT('Origin',(2.60000000000004,-180.25,-0.8));
#2352=CARTESIAN_POINT('Origin',(2.60000000000004,-180.25,-3.5));
#2353=CARTESIAN_POINT('Origin',(5.20000000000003,-204.05,-1.6));
#2354=CARTESIAN_POINT('',(5.20000000000003,-202.05,0.));
#2355=CARTESIAN_POINT('',(7.20000000000003,-204.05,0.));
#2356=CARTESIAN_POINT('Origin',(5.20000000000003,-204.05,0.));
#2357=CARTESIAN_POINT('',(7.20000000000003,-204.05,-2.6));
#2358=CARTESIAN_POINT('',(7.20000000000003,-204.05,-1.6));
#2359=CARTESIAN_POINT('',(5.20000000000003,-202.05,-2.6));
#2360=CARTESIAN_POINT('Origin',(5.20000000000003,-204.05,-2.6));
#2361=CARTESIAN_POINT('',(5.20000000000003,-202.05,-1.6));
#2362=CARTESIAN_POINT('Origin',(7.20000000000003,-216.25,-1.6));
#2363=CARTESIAN_POINT('',(7.20000000000003,-214.25,0.));
#2364=CARTESIAN_POINT('',(7.20000000000003,-156.25,0.));
#2365=CARTESIAN_POINT('',(7.20000000000003,-214.25,-2.6));
#2366=CARTESIAN_POINT('',(7.20000000000003,-214.25,-1.6));
#2367=CARTESIAN_POINT('',(7.20000000000003,-216.25,-2.6));
#2368=CARTESIAN_POINT('Origin',(1.00000000000002,-96.25,0.));
#2369=CARTESIAN_POINT('',(2.70000000000003,-202.05,0.));
#2370=CARTESIAN_POINT('',(4.10000000000002,-202.05,0.));
#2371=CARTESIAN_POINT('',(2.70000000000003,-216.25,0.));
#2372=CARTESIAN_POINT('',(2.70000000000004,-156.25,0.));
#2373=CARTESIAN_POINT('',(5.20000000000002,-216.25,0.));
#2374=CARTESIAN_POINT('',(0.150000000000027,-216.25,0.));
#2375=CARTESIAN_POINT('Origin',(5.20000000000002,-214.25,0.));
#2376=CARTESIAN_POINT('Origin',(5.20000000000003,-197.05,-1.6));
#2377=CARTESIAN_POINT('',(7.20000000000004,-197.05,0.));
#2378=CARTESIAN_POINT('',(5.20000000000003,-199.05,0.));
#2379=CARTESIAN_POINT('Origin',(5.20000000000003,-197.05,0.));
#2380=CARTESIAN_POINT('',(5.20000000000003,-199.05,-2.6));
#2381=CARTESIAN_POINT('',(5.20000000000003,-199.05,-1.6));
#2382=CARTESIAN_POINT('',(7.20000000000004,-197.05,-2.6));
#2383=CARTESIAN_POINT('Origin',(5.20000000000003,-197.05,-2.6));
#2384=CARTESIAN_POINT('',(7.20000000000003,-197.05,-1.6));
#2385=CARTESIAN_POINT('Origin',(-0.699999999999961,-199.05,-1.6));
#2386=CARTESIAN_POINT('',(-0.699999999999961,-199.05,0.));
#2387=CARTESIAN_POINT('',(0.150000000000029,-199.05,0.));
#2388=CARTESIAN_POINT('',(-0.699999999999961,-199.05,-2.6));
#2389=CARTESIAN_POINT('',(-0.699999999999961,-199.05,-1.6));
#2390=CARTESIAN_POINT('',(-0.699999999999961,-199.05,-2.6));
#2391=CARTESIAN_POINT('Origin',(1.00000000000002,-96.25,0.));
#2392=CARTESIAN_POINT('',(2.50000000000002,-140.25,0.));
#2393=CARTESIAN_POINT('',(2.50000000000002,-175.25,0.));
#2394=CARTESIAN_POINT('',(2.50000000000002,-118.25,0.));
#2395=CARTESIAN_POINT('',(-1.24999999999991,-175.25,0.));
#2396=CARTESIAN_POINT('',(1.75000000000002,-175.25,0.));
#2397=CARTESIAN_POINT('',(-1.24999999999993,-140.25,0.));
#2398=CARTESIAN_POINT('',(-1.24999999999993,-135.75,0.));
#2399=CARTESIAN_POINT('',(-0.124999999999954,-140.25,0.));
#2400=CARTESIAN_POINT('',(-0.500000000000006,-191.25,0.));
#2401=CARTESIAN_POINT('',(-0.500000000000006,-184.133140648668,0.));
#2402=CARTESIAN_POINT('',(-0.500000000000006,-184.133140648668,0.));
#2403=CARTESIAN_POINT('',(2.5,-184.133140648668,0.));
#2404=CARTESIAN_POINT('Origin',(0.999999999999994,-181.25,0.));
#2405=CARTESIAN_POINT('',(2.5,-191.25,0.));
#2406=CARTESIAN_POINT('',(2.49999999999999,-191.25,0.));
#2407=CARTESIAN_POINT('Origin',(0.999999999999994,-191.25,0.));
#2408=CARTESIAN_POINT('',(2.49999999999999,-4.13314064866769,0.));
#2409=CARTESIAN_POINT('',(2.49999999999999,-11.25,0.));
#2410=CARTESIAN_POINT('',(2.49999999999999,-11.25,0.));
#2411=CARTESIAN_POINT('',(-0.500000000000007,-11.25,0.));
#2412=CARTESIAN_POINT('Origin',(0.999999999999994,-11.25,0.));
#2413=CARTESIAN_POINT('',(-0.500000000000007,-4.1331406486677,0.));
#2414=CARTESIAN_POINT('',(-0.500000000000007,-4.1331406486677,0.));
#2415=CARTESIAN_POINT('Origin',(0.999999999999994,-1.25,0.));
#2416=CARTESIAN_POINT('',(7.20000000000004,-150.25,0.));
#2417=CARTESIAN_POINT('',(7.20000000000004,-136.25,0.));
#2418=CARTESIAN_POINT('',(10.2,-150.25,0.));
#2419=CARTESIAN_POINT('',(4.85000000000003,-150.25,0.));
#2420=CARTESIAN_POINT('',(10.2,-217.25,0.));
#2421=CARTESIAN_POINT('',(10.2000000000001,-136.25,0.));
#2422=CARTESIAN_POINT('',(8.20000000000002,-219.25,0.));
#2423=CARTESIAN_POINT('Origin',(8.20000000000002,-217.25,0.));
#2424=CARTESIAN_POINT('',(-0.699999999999971,-219.25,0.));
#2425=CARTESIAN_POINT('',(5.60000000000002,-219.25,0.));
#2426=CARTESIAN_POINT('',(-0.69999999999982,-157.75,0.));
#2427=CARTESIAN_POINT('Origin',(5.20000000000002,-214.25,-1.6));
#2428=CARTESIAN_POINT('',(5.20000000000002,-216.25,-2.6));
#2429=CARTESIAN_POINT('',(5.20000000000002,-216.25,-1.6));
#2430=CARTESIAN_POINT('Origin',(5.20000000000002,-214.25,-2.6));
#2431=CARTESIAN_POINT('Origin',(8.20000000000002,-217.25,-1.6));
#2432=CARTESIAN_POINT('',(8.20000000000002,-219.25,-2.6));
#2433=CARTESIAN_POINT('',(10.2,-217.25,-2.6));
#2434=CARTESIAN_POINT('Origin',(8.20000000000002,-217.25,-2.6));
#2435=CARTESIAN_POINT('',(8.20000000000002,-219.25,-1.6));
#2436=CARTESIAN_POINT('',(10.2,-217.25,-1.6));
#2437=CARTESIAN_POINT('Origin',(4.75000000000004,-197.75,-2.6));
#2438=CARTESIAN_POINT('',(10.2,-175.45,-2.6));
#2439=CARTESIAN_POINT('',(10.2,-176.25,-2.6));
#2440=CARTESIAN_POINT('',(7.20000000000004,-175.45,-2.6));
#2441=CARTESIAN_POINT('',(1.00000000000001,-175.45,-2.6));
#2442=CARTESIAN_POINT('',(7.20000000000004,-176.25,-2.6));
#2443=CARTESIAN_POINT('',(-0.699999999999967,-202.05,-2.6));
#2444=CARTESIAN_POINT('',(-0.699999999999967,-202.05,-2.6));
#2445=CARTESIAN_POINT('',(2.70000000000003,-202.05,-2.6));
#2446=CARTESIAN_POINT('',(3.72500000000003,-202.05,-2.6));
#2447=CARTESIAN_POINT('',(7.20000000000003,-202.05,-2.6));
#2448=CARTESIAN_POINT('',(2.70000000000003,-216.25,-2.6));
#2449=CARTESIAN_POINT('',(-0.699999999999963,-216.25,-2.6));
#2450=CARTESIAN_POINT('',(-0.699999999999963,-216.25,-2.6));
#2451=CARTESIAN_POINT('',(2.02500000000004,-216.25,-2.6));
#2452=CARTESIAN_POINT('',(-0.699999999999971,-219.25,-2.6));
#2453=CARTESIAN_POINT('',(-0.699999999999971,-219.25,-2.6));
#2454=CARTESIAN_POINT('',(10.2,-219.25,-2.6));
#2455=CARTESIAN_POINT('Origin',(10.2,-176.25,-1.6));
#2456=CARTESIAN_POINT('',(10.2,-150.25,-0.6));
#2457=CARTESIAN_POINT('',(10.2,-150.25,-2.6));
#2458=CARTESIAN_POINT('',(10.2,-17.05,-0.6));
#2459=CARTESIAN_POINT('',(10.2,-135.85,-0.6));
#2460=CARTESIAN_POINT('',(10.2,-17.05,-0.6));
#2461=CARTESIAN_POINT('',(10.2,-175.45,-0.6));
#2462=CARTESIAN_POINT('Origin',(8.70000000000004,-150.25,-1.3));
#2463=CARTESIAN_POINT('',(7.20000000000004,-150.25,-0.6));
#2464=CARTESIAN_POINT('',(4.85000000000003,-150.25,-0.6));
#2465=CARTESIAN_POINT('',(7.20000000000004,-150.25,0.));
#2466=CARTESIAN_POINT('Origin',(1.00000000000002,-96.25,-0.6));
#2467=CARTESIAN_POINT('',(7.20000000000004,-175.45,-0.6));
#2468=CARTESIAN_POINT('',(7.20000000000004,-136.25,-0.6));
#2469=CARTESIAN_POINT('',(-8.20000000000002,-175.45,-0.6));
#2470=CARTESIAN_POINT('',(-3.6,-175.45,-0.6));
#2471=CARTESIAN_POINT('',(-8.2,-17.05,-0.6));
#2472=CARTESIAN_POINT('',(-8.2,-56.65,-0.6));
#2473=CARTESIAN_POINT('',(5.6,-17.05,-0.6));
#2474=CARTESIAN_POINT('',(2.50000000000002,-175.25,-0.6));
#2475=CARTESIAN_POINT('',(2.50000000000002,-140.25,-0.6));
#2476=CARTESIAN_POINT('',(2.50000000000002,-118.25,-0.6));
#2477=CARTESIAN_POINT('',(-1.24999999999993,-140.25,-0.6));
#2478=CARTESIAN_POINT('',(-0.124999999999953,-140.25,-0.6));
#2479=CARTESIAN_POINT('',(-1.24999999999991,-175.25,-0.6));
#2480=CARTESIAN_POINT('',(-1.24999999999993,-135.75,-0.6));
#2481=CARTESIAN_POINT('',(1.75000000000002,-175.25,-0.6));
#2482=CARTESIAN_POINT('',(6.19999999999999,-173.45,-0.6));
#2483=CARTESIAN_POINT('Origin',(5.19999999999999,-173.45,-0.6));
#2484=CARTESIAN_POINT('',(-2.20000000000002,-153.45,-0.6));
#2485=CARTESIAN_POINT('Origin',(-3.20000000000002,-153.45,-0.6));
#2486=CARTESIAN_POINT('',(6.19999999999999,-153.45,-0.6));
#2487=CARTESIAN_POINT('Origin',(5.19999999999999,-153.45,-0.6));
#2488=CARTESIAN_POINT('',(-2.20000000000002,-173.45,-0.6));
#2489=CARTESIAN_POINT('Origin',(-3.20000000000002,-173.45,-0.6));
#2490=CARTESIAN_POINT('Origin',(7.20000000000003,-199.05,-1.6));
#2491=CARTESIAN_POINT('',(7.20000000000004,-175.45,-1.6));
#2492=CARTESIAN_POINT('Origin',(7.20000000000003,-202.05,-1.6));
#2493=CARTESIAN_POINT('',(2.70000000000003,-202.05,-1.6));
#2494=CARTESIAN_POINT('Origin',(10.2,-219.25,-1.6));
#2495=CARTESIAN_POINT('',(-0.699999999999971,-219.25,-1.6));
#2496=CARTESIAN_POINT('Origin',(-0.699999999999963,-216.25,-1.6));
#2497=CARTESIAN_POINT('',(2.70000000000003,-216.25,-1.6));
#2498=CARTESIAN_POINT('Origin',(-4.60000000000003,-197.05,-1.6));
#2499=CARTESIAN_POINT('',(-4.60000000000003,-197.05,-3.5));
#2500=CARTESIAN_POINT('Origin',(2.70000000000003,-202.05,-1.6));
#2501=CARTESIAN_POINT('',(-0.699999999999967,-202.05,-3.5));
#2502=CARTESIAN_POINT('',(-0.699999999999967,-202.05,-1.6));
#2503=CARTESIAN_POINT('',(2.70000000000003,-202.05,-3.5));
#2504=CARTESIAN_POINT('',(2.70000000000003,-202.05,-3.5));
#2505=CARTESIAN_POINT('',(2.70000000000003,-202.05,-1.6));
#2506=CARTESIAN_POINT('Origin',(2.70000000000003,-216.25,-1.6));
#2507=CARTESIAN_POINT('',(2.70000000000003,-216.25,-3.5));
#2508=CARTESIAN_POINT('',(2.70000000000003,-216.25,-3.5));
#2509=CARTESIAN_POINT('',(2.70000000000003,-216.25,-1.6));
#2510=CARTESIAN_POINT('Origin',(-0.699999999999963,-216.25,-1.6));
#2511=CARTESIAN_POINT('',(-0.699999999999963,-216.25,-3.5));
#2512=CARTESIAN_POINT('',(-0.699999999999963,-216.25,-3.5));
#2513=CARTESIAN_POINT('',(-0.699999999999963,-216.25,-1.6));
#2514=CARTESIAN_POINT('Origin',(-0.699999999999967,-202.05,-1.6));
#2515=CARTESIAN_POINT('',(-0.699999999999967,-202.05,-3.5));
#2516=CARTESIAN_POINT('Origin',(0.999999999999994,-11.25,-0.6));
#2517=CARTESIAN_POINT('',(2.49999999999999,-11.25,-1.6));
#2518=CARTESIAN_POINT('',(2.49999999999999,-11.25,-0.6));
#2519=CARTESIAN_POINT('',(-0.500000000000007,-11.25,-1.6));
#2520=CARTESIAN_POINT('Origin',(0.999999999999994,-11.25,-1.6));
#2521=CARTESIAN_POINT('',(-0.500000000000007,-11.25,-0.6));
#2522=CARTESIAN_POINT('Origin',(-0.500000000000007,-4.1331406486677,-0.6));
#2523=CARTESIAN_POINT('',(-0.500000000000007,-4.1331406486677,-1.6));
#2524=CARTESIAN_POINT('',(-0.500000000000007,-4.1331406486677,-1.6));
#2525=CARTESIAN_POINT('',(-0.500000000000007,-4.1331406486677,-0.6));
#2526=CARTESIAN_POINT('Origin',(0.999999999999994,-1.25,-0.6));
#2527=CARTESIAN_POINT('',(2.49999999999999,-4.13314064866769,-1.6));
#2528=CARTESIAN_POINT('Origin',(0.999999999999994,-1.25,-1.6));
#2529=CARTESIAN_POINT('',(2.49999999999999,-4.13314064866769,-0.6));
#2530=CARTESIAN_POINT('Origin',(2.49999999999999,-11.25,-0.6));
#2531=CARTESIAN_POINT('',(2.49999999999999,-11.25,-1.6));
#2532=CARTESIAN_POINT('Origin',(0.999999999999994,-6.25,-1.6));
#2533=CARTESIAN_POINT('Origin',(0.999999999999994,-181.25,-0.6));
#2534=CARTESIAN_POINT('',(-0.500000000000006,-184.133140648668,-0.6));
#2535=CARTESIAN_POINT('',(2.5,-184.133140648668,-0.6));
#2536=CARTESIAN_POINT('Origin',(2.49999999999999,-191.25,-0.6));
#2537=CARTESIAN_POINT('',(2.49999999999999,-191.25,-0.6));
#2538=CARTESIAN_POINT('Origin',(0.999999999999994,-191.25,-0.6));
#2539=CARTESIAN_POINT('',(-0.500000000000006,-191.25,-0.6));
#2540=CARTESIAN_POINT('Origin',(-0.500000000000006,-184.133140648668,-0.6));
#2541=CARTESIAN_POINT('Origin',(6.00000000000003,-176.25,-7.5));
#2542=CARTESIAN_POINT('',(-1.99999999999997,-175.45,-7.5));
#2543=CARTESIAN_POINT('',(-1.99999999999997,-176.25,-7.5));
#2544=CARTESIAN_POINT('',(4.00000000000003,-175.45,-7.5));
#2545=CARTESIAN_POINT('',(4.00000000000003,-176.25,-7.5));
#2546=CARTESIAN_POINT('',(-1.1,-175.45,-7.5));
#2547=CARTESIAN_POINT('Origin',(-1.99999999999997,-176.25,-5.5));
#2548=CARTESIAN_POINT('',(-1.99999999999997,-175.45,-3.5));
#2549=CARTESIAN_POINT('Origin',(-1.99999999999997,-175.45,-5.5));
#2550=CARTESIAN_POINT('',(-1.99999999999997,-176.25,-3.5));
#2551=CARTESIAN_POINT('Origin',(4.00000000000003,-176.25,-5.5));
#2552=CARTESIAN_POINT('',(4.00000000000003,-175.45,-3.5));
#2553=CARTESIAN_POINT('',(4.00000000000003,-176.25,-3.5));
#2554=CARTESIAN_POINT('Origin',(4.00000000000003,-175.45,-5.5));
#2555=CARTESIAN_POINT('Origin',(-3.99999999999997,-176.25,-3.5));
#2556=CARTESIAN_POINT('',(-6.1,-175.45,-3.5));
#2557=CARTESIAN_POINT('Origin',(-3.20000000000002,-173.45,-0.6));
#2558=CARTESIAN_POINT('',(-2.20000000000002,-173.45,-2.1));
#2559=CARTESIAN_POINT('Origin',(-3.20000000000002,-173.45,-2.1));
#2560=CARTESIAN_POINT('',(-2.20000000000002,-173.45,-0.6));
#2561=CARTESIAN_POINT('Origin',(-3.20000000000002,-173.45,-2.1));
#2562=CARTESIAN_POINT('Origin',(5.19999999999999,-153.45,-0.6));
#2563=CARTESIAN_POINT('',(6.19999999999999,-153.45,-2.1));
#2564=CARTESIAN_POINT('Origin',(5.19999999999999,-153.45,-2.1));
#2565=CARTESIAN_POINT('',(6.19999999999999,-153.45,-0.6));
#2566=CARTESIAN_POINT('Origin',(5.19999999999999,-153.45,-2.1));
#2567=CARTESIAN_POINT('Origin',(-3.20000000000002,-153.45,-0.6));
#2568=CARTESIAN_POINT('',(-2.20000000000002,-153.45,-2.1));
#2569=CARTESIAN_POINT('Origin',(-3.20000000000002,-153.45,-2.1));
#2570=CARTESIAN_POINT('',(-2.20000000000002,-153.45,-0.6));
#2571=CARTESIAN_POINT('Origin',(-3.20000000000002,-153.45,-2.1));
#2572=CARTESIAN_POINT('Origin',(5.19999999999999,-173.45,-0.6));
#2573=CARTESIAN_POINT('',(6.19999999999999,-173.45,-2.1));
#2574=CARTESIAN_POINT('Origin',(5.19999999999999,-173.45,-2.1));
#2575=CARTESIAN_POINT('',(6.19999999999999,-173.45,-0.6));
#2576=CARTESIAN_POINT('Origin',(5.19999999999999,-173.45,-2.1));
#2577=CARTESIAN_POINT('Origin',(-1.24999999999991,-175.25,1.));
#2578=CARTESIAN_POINT('',(-1.24999999999991,-175.25,1.));
#2579=CARTESIAN_POINT('',(-1.24999999999993,-140.25,1.));
#2580=CARTESIAN_POINT('Origin',(-1.24999999999993,-140.25,1.));
#2581=CARTESIAN_POINT('',(2.50000000000002,-140.25,1.));
#2582=CARTESIAN_POINT('Origin',(2.50000000000002,-140.25,1.));
#2583=CARTESIAN_POINT('',(2.50000000000002,-175.25,1.));
#2584=CARTESIAN_POINT('Origin',(2.50000000000002,-175.25,1.));
#2585=CARTESIAN_POINT('Origin',(-8.20000000000002,-175.45,-0.6));
#2586=CARTESIAN_POINT('',(-8.20000000000002,-175.45,-0.6));
#2587=CARTESIAN_POINT('Origin',(-8.2,-17.05,-0.6));
#2588=CARTESIAN_POINT('',(-8.2,-17.05,-0.6));
#2589=CARTESIAN_POINT('Origin',(10.2,-17.05,-0.6));
#2590=UNCERTAINTY_MEASURE_WITH_UNIT(LENGTH_MEASURE(0.01),#2594,
'DISTANCE_ACCURACY_VALUE',
'Maximum model space distance between geometric entities at asserted c
onnectivities');
#2591=UNCERTAINTY_MEASURE_WITH_UNIT(LENGTH_MEASURE(0.01),#2594,
'DISTANCE_ACCURACY_VALUE',
'Maximum model space distance between geometric entities at asserted c
onnectivities');
#2592=(
GEOMETRIC_REPRESENTATION_CONTEXT(3)
GLOBAL_UNCERTAINTY_ASSIGNED_CONTEXT((#2590))
GLOBAL_UNIT_ASSIGNED_CONTEXT((#2594,#2596,#2597))
REPRESENTATION_CONTEXT('','3D')
);
#2593=(
GEOMETRIC_REPRESENTATION_CONTEXT(3)
GLOBAL_UNCERTAINTY_ASSIGNED_CONTEXT((#2591))
GLOBAL_UNIT_ASSIGNED_CONTEXT((#2594,#2596,#2597))
REPRESENTATION_CONTEXT('','3D')
);
#2594=(
LENGTH_UNIT()
NAMED_UNIT(*)
SI_UNIT(.MILLI.,.METRE.)
);
#2595=(
LENGTH_UNIT()
NAMED_UNIT(*)
SI_UNIT(.CENTI.,.METRE.)
);
#2596=(
NAMED_UNIT(*)
PLANE_ANGLE_UNIT()
SI_UNIT($,.RADIAN.)
);
#2597=(
NAMED_UNIT(*)
SI_UNIT($,.STERADIAN.)
SOLID_ANGLE_UNIT()
);
#2598=SHAPE_DEFINITION_REPRESENTATION(#2599,#2600);
#2599=PRODUCT_DEFINITION_SHAPE('',$,#2602);
#2600=SHAPE_REPRESENTATION('',(#1556),#2592);
#2601=PRODUCT_DEFINITION_CONTEXT('part definition',#2606,'design');
#2602=PRODUCT_DEFINITION('Box','Box',#2603,#2601);
#2603=PRODUCT_DEFINITION_FORMATION('',$,#2608);
#2604=PRODUCT_RELATED_PRODUCT_CATEGORY('Box','Box',(#2608));
#2605=APPLICATION_PROTOCOL_DEFINITION('international standard',
'automotive_design',2009,#2606);
#2606=APPLICATION_CONTEXT(
'Core Data for Automotive Mechanical Design Process');
#2607=PRODUCT_CONTEXT('part definition',#2606,'mechanical');
#2608=PRODUCT('Box','Box',$,(#2607));
#2609=PRESENTATION_STYLE_ASSIGNMENT((#2610));
#2610=SURFACE_STYLE_USAGE(.BOTH.,#2613);
#2611=SURFACE_STYLE_RENDERING_WITH_PROPERTIES($,#2617,(#2612));
#2612=SURFACE_STYLE_TRANSPARENT(0.);
#2613=SURFACE_SIDE_STYLE('',(#2614,#2611));
#2614=SURFACE_STYLE_FILL_AREA(#2615);
#2615=FILL_AREA_STYLE('',(#2616));
#2616=FILL_AREA_STYLE_COLOUR('',#2617);
#2617=COLOUR_RGB('',0.87843137254902,0.874509803921569,0.858823529411765);
ENDSEC;
END-ISO-10303-21;
